review_id,review_text,sentiment,source
103,ม่ายยย หมายถึงคนจีนภาคใต้บ้านเรากับทางมาเลย์​สิงคโปร์​ฮะ เนอะอยากกินนน อยากลองหาร้านอร่อยๆในกรุงเทพฯ​ดู เบื่อเอมเค,negative,wisesight_sentiment
340,พึ่งจองคัมรี่ไป เฮ้อ,negative,wisesight_sentiment
2148,ส่วน B ค่ะที่หายไป ชอบความปราดเปรียว สีแดง หรูหรา เจ็บเปรี้ยวเข็ด #Rama3honda,positive,wisesight_sentiment
1116,ดูข่าวที่ชวนปราศรัย เหมือนแกยังไม่รู้ว่า ทักษิณไม่ได้เป็นนายกแล้ว,negative,wisesight_sentiment
1942,ไปดิ..รอไร,positive,wisesight_sentiment
409,ที่ เซนหาดไหญ่ หาม่ายอ่อ,negative,wisesight_sentiment
653,ให้กำลังใจนะคะ ยังไงก็ยังมั่นใจมาตรฐานของก้อนมากกว่าร้านหมูกระทะชาบูข้างนอกบางร้าน😂,positive,wisesight_sentiment
3130,จริงๆเบียร์ช้างก็รสชาดดีกว่าลีโอแล้วนะ,negative,wisesight_sentiment
1023,Smirnoff อ่ะ ไม่อร่อย คล้ายๆ vodka batteri แน่ vodka batteri อร่อยกว่า 😂😂,negative,wisesight_sentiment
2511,สเมอนอฟอีเล้คทริคบลูรสชาติเหี้ยมาก,negative,wisesight_sentiment
3687,อยากสวยเหมือนมาร์กี้ค่ะ ดูดีมาก ใส่อะไรก็งาม นั่งท่าอะไรก็สวยไปโม้ดดด #มาส์กโชสวยข้ามคืน #cho_cosmetics #daradaily #ดาราเดลี่,positive,wisesight_sentiment
558,สำนักงานทรัพย์สิน เป็นองค์กรเดียวในประเทศไทยที่เป็นเจ้าของที่ แต่ลงทุนส่งนักสังคมสงเคราะห์ลงไปอยู่กับชุมชนเพื่อพัฒนาชุมชนยั่งยืน,positive,wisesight_sentiment
730,ไอเหี้ย คิดว่าประชาชนโง่มากหรอ มันไม่ใช่ละป้ะ เลื่อนมาสี่ครั้งละมะ มึงเลื่อนออกไปอีกร้อยครั้งพรรคพลังประชารัฐก็ไม่ชนะหรอก คว้าย,negative,wisesight_sentiment
3001,ถามก่อนว่ากุจะผอมไหม😂😂😂,positive,wisesight_sentiment
1164,จะกินชุดนี้อ่ะนะ พอยาไส้ไหมเล่า ถถถถ,positive,wisesight_sentiment
1902,ไอบ้า 😂 ไปกินฮอตพอทกันนน,positive,wisesight_sentiment
2772,จัดๆๆ มะวานไปจัดมาแล้ว,positive,wisesight_sentiment
3489,กลับอุดรรอบนี้ได้ข้าวเปียกเส้น aka ก๋วยจั๊บญวน แบบสำเร็จรูปมา สะดวกมาก อร่อยมากกกกกกกกกกก เหมือนกินที่ร้านเลย 😍,positive,wisesight_sentiment
3554,เบื่อตรงที่ผ้าอนามัยกาวมันไม่ค่อยติดนี่แหละลำบากชีวิตชิบหายย,negative,wisesight_sentiment
984,ใส่ผ้าอนามัยแบบเย็น แล้วรู้สึกจิ๋มชา 55555555555555555555555,negative,wisesight_sentiment
3808,ห่วยแตกมากค่ะสาขาแจ่มฟ้าลำพูน ไม่ยอมลดราคาให้ อ้างนู้นอ้างนี้ ทางบริษัทไม่ได้แจ้งให้ทุกสาขาทราบหรอค่ะว่ามีโปรโมชั่นนี้. พนักงานบอกยังทำหน้างงๆกันอยู่เลย การบริการก็แย่มากค่ะ ช่วยปรับปรุงแก้ไขด้วยนะคะ,negative,wisesight_sentiment
779,กุแพ้กานิเย่เหลืองจ้าาาา 😅,negative,wisesight_sentiment
1202,ก็บอกว่าไม่อยากกินเอ็มเคคคคค,negative,wisesight_sentiment
3387,เอามาทำได้หมดทุกยี่ฮ้อแหละครับมีทั้งครัมมรี่ นิสสัน ฮอนด้าซีวิคเนี่ยผมเห็นตั้งแต่มีรุ่นซีวิคปี2010แล้วครับตอนนั้นผ่านมา7-7ปียังไม่เห็นจะมีข่าวเลยแล้วนี่อะไรกันผมเห็นจนเบื่อแล้วคือทำได้หมดครับแต่ต้องปรับมิเตอร์ให้ตรงกับมาตรตราฐานขนส่งครับ,negative,wisesight_sentiment
920,กดหัวใจหน่อยครับพี่น้อง,positive,wisesight_sentiment
1213,kiss me harder by 4u2💋 (01). ตัวนี้ทาเที่ยวกลางคืนละแซ่บมากกกกกก!! ติดทนจูบหลุดนิดนึง อิอิ เนื้อนุ่ม แต่แห้งไปหน่อยบำรุงปากดีๆล่ะ ตัวนี้ให้8/10เล้ยยยย💋✨ #รีวิว #รีวิวเซเว่น #รีวิวเพียบ #ใช้จริงรีวิวจริง #howtoperfect #ฉันจะสวย #ของมันต้องมี,positive,wisesight_sentiment
145,จัดชีวาสเร็วๆเลย,positive,wisesight_sentiment
1814,กูจะแพ้ผ้าอนามัยจริงๆหรอ ควยเด้อ,negative,wisesight_sentiment
746,โซน yg ที่ show dc เมื่อไหร่จะเสร็จ อยากไปจัดแล้วนะ 555555,negative,wisesight_sentiment
2269,นอสเริ่มต้นจากศูนย์ค่ะ ซึ่งเป็นศูนย์โตโยต้า เพราะรถนอสมีปัญหาต้องถ่ายน้ำมันเครื่อง นอสรีบมาที่สุดแล้วค่ะ ทำเต็มที่แล้วจริงๆ,negative,wisesight_sentiment
3615,ตู้เย็นเลยค้าาาา เมืองไทยร้อนม้ากกก #สวยกล้าท้าทุกแสง #คู่หูท้าแดด #kmacosmetics,positive,wisesight_sentiment
698,"ผิวบอบบางยิ่งต้องดูแลเป็นพิเศษ… ใหม่! กันแดดสูตรอ่อนโยน เนื้อน้ำนม บางเบา เพื่อผิวแพ้ง่าย ANESSA Essence UV Sunscreen Mild Milk SPF 35 PA+++ และ ANESSA Perfect UV Sunscreen Mild Milk SPF 50+ PA++++ ปกป้องได้ทั้งผิวหน้า และผิวกาย ปราศจากสารเติมแต่งทั้ง น้ำหอม แอลกอฮอล์ และพาราเบน เพื่อดูแลผิวบอบบางแพ้ง่ายโดยเฉพาะ หาซื้อได้แล้ววันนี้ที่ Watsons, Boots, EVEANDBOY, Tsuruha, Matsumoto และ Home Fresh Mart #ANESSA #ANESSABeautySuncare #Sunscreen #ANESSAThailand",positive,wisesight_sentiment
1789,อิจฉาชี นี่รู้เลยว่าเมาถึงจุดถึงจะตอบแบบนี้ได้ จำรสชาติแสงโสมไม่ได้แล้วอีเหี้ยเอ๊ยยยยย,negative,wisesight_sentiment
3325,ช่วยๆกันแชร์,positive,wisesight_sentiment
477,NISSAN GTR R34 !! * คนไทยแต่งรถไม่แพ้ชาติใดในโลก,positive,wisesight_sentiment
2129,ชอบๆๆนิสสันใช้ดีมากๆทนทานแข็งแรงประหยัดน้ำมันดีไซน์สวยงามภายในกว้างใหญ่,positive,wisesight_sentiment
2887,ไม่เข้าใจไอ้เด็กม.1-3 หนูเคาท์ดาวน์จำเป็นต้องมีแสงโสม หงษ์ทองด้วยเหรอลู๊กกก//ไปฟั้งกะ,negative,wisesight_sentiment
489,โลตัสพัทยาเหนือ..คุ้มค่ะ ที่ไหนให้หมูน้อย มาที่นี่เลยค่ะ อร่อย คุ้ม,positive,wisesight_sentiment
2595,ไฮเนเก้นเลิกกินไปนานแล้วครับ คิดถึงkroster,negative,wisesight_sentiment
649,หนักสุด คือ นาวาร่า กับฟอร์ด,negative,wisesight_sentiment
3070,เราก็ชอบดื่มสิงห์ รู้สึกมันอร่อยกว่ายี่ห้ออื่น 😅,positive,wisesight_sentiment
1977,อายแชโดว& บลัช คิวเพลส ใช้ดีค่ะ ลิป ink ใช้ดีค่ะ ติดทน สีน่ารัก หอมค่ะ,positive,wisesight_sentiment
778,ใช่เลย 5555,positive,wisesight_sentiment
564,สวยโดนใจเลยคะ Nissan Almera ชอบภายในกว้างขวาง ไปไหนไปด้วยกันได้ทั้งครอบครัว สนใจสอบถามรายละเอียดกันเลย,positive,wisesight_sentiment
980,แอดมินเดอะเฟสช็อปแม่ง 55555,negative,wisesight_sentiment
3111,เมื่อไหร่จะพัฒนา ยิ่งใช้ ยิ่งช้า โทรไปก้อเฉย ต้องให้ทำไง ต้องให้ย้ายค่ายใช่มั้ย,negative,wisesight_sentiment
2195,เห็นด้วยครับ อย่าว่าแต่ข้าวผัดกระเทียม ข้าวขาวยังแข็งมากจนกินไม่ได้เลยบางครั้ง ฝากก้อนด้วย,negative,wisesight_sentiment
2234,ป้ายแดงก้อแค่ยาริส นึกว่าBMW,negative,wisesight_sentiment
874,Webขายเยอะแยะทำไม่ไม่จับบุหรี่ไฟฟ้าตเองขยายผลว่าชื้อมาจากไหนใครเป็นคนขายต้องแก้ปัญหาที่ต้นเหตุนะครับ,negative,wisesight_sentiment
1649,ห้าม แต่ช่องโห่วเยอะ มากช่วงกอบโกยครับ แถวบ้านก็มี,negative,wisesight_sentiment
3107,Johnnie Walker Black Label Centenary Edition เป็นรุ่นพิเศษเพื่อฉลองครบรอบ 100 ปี ในปี 2009 ของ Johnnie Walker Black Label ครับ,positive,wisesight_sentiment
1039,สนใจ ฟอจูนเนอร์ สีขาวครับ,positive,wisesight_sentiment
747,สรุปว่า ต้องนี้ผิดกฎหมาย 100% แล้วใช่ไมคับ #คนพกใช้,negative,wisesight_sentiment
1125,ชื่อ เอสเปรสโซ คุณชาย กาแฟดำ MK นะมี แต่โปรโมชั่นนี้ สาขาฝางไม่ร่วมรายการ,positive,wisesight_sentiment
696,เชียร์ NARS นะ,positive,wisesight_sentiment
2364,สายหวานต้องมา,positive,wisesight_sentiment
1066,กินฟูลมูนทีไร เจ็บคอทุกที เหมือนลิ้นไก่จะบวม อาการเดียวกับตอนเป็นคอแดงเลย แต่ตอนกินเบียร์ไม่เป็นอ่ะ ใครเคยเป็นแบบนี้บ้าง นี่แค่ขวดเดียวนะ,negative,wisesight_sentiment
1005,ได้รับของแล้วคะ,positive,wisesight_sentiment
1333,ศ นี้เลยนะ,positive,wisesight_sentiment
407,คิดถึงสิบกวาปีที่แล้วแข่งรถโมแบบนี้ เร็วเกินหลุดรางไปเลยบอดี้หักกระจุย มีคนซื้อมอเตอรต่อห้าพันเราบอกให้ยืมถ้าชนะเลี้ยงhotpot สรุปมันได้ที่1เลย จนกลายเป็นนักโมติดอันดับตอนเด็ก5555 ต้องกลับไปลื้อกรุเก่าละซากมันยังอยู่ไหม,positive,wisesight_sentiment
1759,ขุดทางเท้าตอนห้าครึ่งอะนะ,negative,wisesight_sentiment
655,เอ้า แสนสิริ ทำไมทำงี้,negative,wisesight_sentiment
2175,ตอนนั้นอยากเปลี่ยนรถเพราะ wish เก่าแล้ว + กินน้ำมันเอาเรื่องนะสำหรับขับในเมือง 9-10 กม. ลิตร แหนะ.. ตัดมาภาพที่ Teana ซัดไป 8.5 กม./ ลิตร 😅,negative,wisesight_sentiment
2327,งั้นไปดื่มสปายไวน์คูลเลอร์ก่อนแล้วกันนะ555,positive,wisesight_sentiment
418,เมย่าก้ร่วมรายการ,positive,wisesight_sentiment
3963,แถวบ้านไม่มีฟูลมูนขาย อยากกินฟูลมูนเขียว ;;_;;,negative,wisesight_sentiment
3189,เพราะมันอร่อยใช่ม้าา ก้อนขอน้อมรับไว้พิจารณานะคร้าบ :),positive,wisesight_sentiment
2884,trueinternet บริษัทห่วยแตก ไปยกเลิกจ่ายที่ช็อปที่เซนทรัลเฟสติวัลหาดใหญ่ตั้งแต่ราวปี2016 เมื่อปี2017 มีจดหมายดำเนินคดีทวงหนี้ส่งมาที่บ้าน เราก็โทรไปCall Center บอกว่าเรายกเลิกเองแล้ว เขาตรวจสอบบอกจะส่งเรื่องปรับปรุงยอดให้ พอมาวันนี้ปี 2019 ยังมีจดหมายมาอีก ก็โทรกลับไป Call เหมือนเดิม พอเช็คบอกมีการแจ้งปรับปรุงยอดไว้เมือ 2017 แต่ยังไม่เสร็จ ถามจริง ทำงาน ภาษาอะไร ปรับปรุงกันกี่ปีแล้ว ฟ้องร้องจัง ถามจริงฟ้องร้องกลับทรูได้ไหม ทำให้เสียเวลา เสียเงินค่าโทร แล้วทำงานไม่ได้เรื่องก็ไล่ๆออกซะ พนักงานห่วยแตก บริษัทห่วยบรมๆ อินเตอร์เน็ตก็ห่วยๆ พนักงานห่วยๆ,negative,wisesight_sentiment
3469,ไปมั้ยพรุ่งนี้,positive,wisesight_sentiment
3585,อย่างปั่น55555,positive,wisesight_sentiment
1117,ภาพหมูชิ้นใหญ่มาก. แต่พอไปทาน. มันเล็กมากอ่ะก้อน. ไปกี่ครั้ง. ก็เล็กเหมือนเดิม. สาขาบุรีรัมย์,negative,wisesight_sentiment
2750,ขอลิงค์ลงชื่อด้วยครับ,positive,wisesight_sentiment
1965,เบื่อเธอมากพอกับการกินเอ็มเคทุกอาทิตย์เลย,negative,wisesight_sentiment
1770,ถ้าเบียร์ช้างจัดโปร+น้ำลิ้นจี่ จะอร่อยคล้าย ฮูกาเดิน ... มีเฮ,positive,wisesight_sentiment
1863,เรฟลอน โฟโต้เรดดี้ แอร์ บลัช เอฟเฟ็ค เมคอัพ ทุกเฉด รับคูปองส่วนลด 100 บาท โปรโมชั่น Watsons Beauty in Summer (29 มี.ค. - 25 เม.ย. 61),positive,wisesight_sentiment
3087,พ่อจัดหน่อยนะ,positive,wisesight_sentiment
900,หยุดใกล้ๆก็ 13,positive,wisesight_sentiment
3612,ขำ จับบุหรี่ไฟฟ้ายึดรถ,negative,wisesight_sentiment
111,เลื่อนอ่านอยุ่หลายสิบเม้น เจอเม้นนี้ไม่แวะคงไม่ได้ ถ้าผมขับวีโก้นี่เผลอๆมีขายทิ้ง5555,negative,wisesight_sentiment
456,เคยใช้ที่เมกาก็ดีจริงเพราะมันก็มีอยู่ไม่กี่ยี่ห้อ มาเดนมาร์กจ้ะถ้าสโตร์ธรรมดาก็นีเวียวนไปดีแบกมาเยอะไม่ซื้ออีกนาน,negative,wisesight_sentiment
1620,ใช่ๆๆ กะทะดำไม่ดีเลย ไม่อร่อยด้วย #บางห้างยังเป็นกะทะทองเหลืองอยู่ต้องยอมที่นั่น,negative,wisesight_sentiment
3802,หนูอยากกินมากนะค่ะ ที่รัก 😗😗😗,positive,wisesight_sentiment
2778,อยากกินบาบีกอนนนนนน,positive,wisesight_sentiment
1529,ได้พอค่า285หงษ์ทองลีโอช้างอ่ะอ้ายต๋อง555,positive,wisesight_sentiment
2121,โอยยยยยย นีเวียยยยยยยยยยยยย,negative,wisesight_sentiment
3369,น่าหงุดหงิดมาก #แสนสิริ จะซักผ้าเครื่องเสือกมีปัญหา #แสนสิริ ควรจะนโยบายลงโทษผู้เช่า บอกเลย.,negative,wisesight_sentiment
1090,เพราะอินนิสฟรีเซตนี้น้องงานดีจริงๆ ถึงยอมซื้อราคาที่แพงจนหมดเงินแดก สำหรับนี่ราคานั้นคือแพงชิบหายแล้วใช้ผลิตภัณฑ์ไ…,negative,wisesight_sentiment
3913,โต๋ & แต้วพรีเซนเตอร์คนสวยของผ้าอนามัย Elis : เอลิส น่ารักเว่อร์💕 #ElisThailand,positive,wisesight_sentiment
623,อยากอยู่นานแล้วนิ 😘😘,positive,wisesight_sentiment
1249,เห็นคนเดียวละใจไม่ดีจริงๆนะ,positive,wisesight_sentiment
3102,จนาดแค่แม็คโดนัลยังแพงเลยย,negative,wisesight_sentiment
1078,ต้องฆ่าหันศพ คับ ตำรวจเค้าจะจับแบบ ถนอมเนื้อถนอมตัว ผู้ต้องหา,negative,wisesight_sentiment
2914,🎉#No4🎉 ทั้งถูก ทั้งดี ก็ซองนี้ นี้เอง ที่เราใช้อยู่ KA UV babyface SPF 42 PA+++ ครีมกันแดดหน้าเนียน ใช้แล้วไม่เป็นสิวอุดตัน ไม่เกิดสิว ไม่มีแอลกอฮอล์ ใช้แล้วทำให้หน้าเด็กลง แดดจะร้อนแค่ไหน กันแดด KA ก็เอาอยู่จร้า แท็กเพื่อน 5 คน👇 #KAx7Eleven #KAUVBabyFace,positive,wisesight_sentiment
1414,ไม่ได้โดนบาบีก้อนนานละ #พูดลอยๆ,positive,wisesight_sentiment
3332,ค่ายนี้ มีอะไรให้หลงไหลมาก แต่ทำไม๊ ทำไม ตัวรถในเมืองไทย. ออกแบบมาแต่ละรุ่นสู้ค่ายอื่นไม่ได้เลย หลังยุค 90 รถที่ขายในไทย ไม่น่าใช้เลย ต่างจากค่ายยอดนิยมอย่าง H T แม้กระทั่ง มาสด้า แอสติน่า โครโนส รูปทรงไม่ล้าสมัยเลย นิสสัน b13 14 sunny neo มันดูจืดๆอ่ะ,negative,wisesight_sentiment
2155,งานโคฟของ show dc นี่วงลงเยอะมากเลยนะ แล้วก็เทหลายวงเหมือนกัน แบบรู้สึกว่างานนี้คือหลายๆอย่างไม่ค่อยโอเคเลยอ่ะ,negative,wisesight_sentiment
3849,เกี่ยวมั้ยไม่รู้ แต่รู้สึกยูเซอรีนนางทำหัวสิวอุดตันเราโผล่ขึ้นมาแหลว &gt;&lt;,negative,wisesight_sentiment
254,คิดถึง KFCครับ มันอร่อยกว่า,negative,wisesight_sentiment
1778,ชอบฮอนด้า city สวย โฉบเฉี่ยว ทันสมัย ขับง่าย คุ้มค่าและประหยัดนำ้มันค่ะ #ฮอนด้าที่รัก #EnjoyHondaThailand,positive,wisesight_sentiment
362,คือกูแค่อยากรู้ว่าปลายทางที่โอนไปอะมันของที่ไหน จะได้ไปตามเงินถูก คือกั๊กกันมาก ไม่ยอมบอกซะที,negative,wisesight_sentiment
271,อยากๆ รอก่อนๆ,positive,wisesight_sentiment
1191,เบลล์ ไม่ชอบกินผัก สาธุพันรอบ,negative,wisesight_sentiment
2434,แบบน้ำดำ ยังไม่เคยลอง,positive,wisesight_sentiment
3635,มากินแบบนี้นะกลับมาอ่ะ,positive,wisesight_sentiment
3218,ขอบคุณพี่ๆน้าๆครับ,positive,wisesight_sentiment
790,ใครน้อออ อีนัตเอาไปหมดแล้ว 5555,positive,wisesight_sentiment
2812,"พรรคที่ไม่เอาคสช.คือสะดุดตาพรรคนี้สุด 'พรรคเกียน' สโลแกนพรรค ""ไม่หาเสียง แต่หาเรื่อง"" เออใจพี่แม่งได้ 555555555",positive,wisesight_sentiment
1329,ขับอัลติส1.8/141ม้า บางทีเจอกะบะกะพริบไฟใร่ตามหลัง หรือบางทีกะบะแข่งกันมาพอเราทำให้ดูมั่งไม่เห็นใครตามมาเลย พอไปเจอเราที่ปั้มมีแอบมองด้วย,negative,wisesight_sentiment
2089,สูตรที่ใช่ สูตรที่ชอบ คือ “Biore Perfect Cleansing Water Acne Care” เพราะเป็นสูตรที่เหมาะกับคนเป็นสิวอย่างพวกเรา ที่ใช้เพราะจะช่วยลดการสะสมของแบคทีเรีย ลดปัญหาการเกิดสิว เหมาะกับผิวบอบบาง แพ้ง่าย เป็นสิวง่าย และยังให้ความนุ่มชุ่มชื้นสุขภาพดี แกผิวหน้าของพวกเรา #บอกลาวงจรสิว,positive,wisesight_sentiment
602,หนูก็ขับแอททราจนะคะ ป้าลิ่งพาเลาะตลอดเรยประหยัดดีชอบๆ😂,positive,wisesight_sentiment
202,จะขวนไปชาบูเนี่ย,negative,wisesight_sentiment
809,พวกเราดูดก็ไม่ได้ทไให้ใครเดือดร้อน,negative,wisesight_sentiment
3363,อากาศแบบนี้ต้องนั่งจิบเบียร์ เเล้วเปิดเพลงเบาๆ,positive,wisesight_sentiment
101,ชุดคุณหมู อู๊ดอู๊ดดด 🐽 เพราะแฟนไม่ทานเนื้อ แล้วก็เลือกหมูคุโรบุตะ เพราะว่าแฟนไม่ทานแซลมอน แต่จะสั่งม่อน ๆ เองค่าาา ❤️ tag ธนพล สาพะพิพัฒน์พงษ์ หนูอยากกินพี่ก้อนจังเยย •-------------------------------• เพี้ยง ๆ ขอให้ได้ขอให้โดน เราจะรอดีใจตอนพี่โปรฯ บอกเราได้บัตรน๊าาา งู้ยยยย 🐽🐲❤️,positive,wisesight_sentiment
102,นำห่างไปเรื่อยๆ นึกแล้วก็สมน้ำหน้าโตโยต้า ทำรถมาหน้าตาแบบนี้แถมกั๊กออฟชั่น (จากลูกค้าเคยใช้ไฮลักซ์มาตั้งแต่ไมตี้ ไทเกอร์ วีโก้ มาหยุดอีรีโว้นี้แหละขอลาเลย),negative,wisesight_sentiment
1495,สวยมากคับดีแมก,positive,wisesight_sentiment
2111,เบื่ออาการแพ้ผ้าอนามัยของตัวเองมากแพ้ชิบหายแต่ก่อนไม่เป็นพอเป็นแล้วลามแม่งทุกยี่ห้อจะบ้า,negative,wisesight_sentiment
3535,พนักงานขายน้ำมี 3 คน คนรอซื้อ 500คน ห่วยมาก #g19fest #chang,negative,wisesight_sentiment
44,จะ3ล้านละ💓👍🎉🎉🎉 #บล็อคละค่ะ #บล็อคดีไม่มีซึม cr.fb/Laurier My Brand #davikah #davikaclub #davikaclubdotcom #DKC,positive,wisesight_sentiment
641,โปรโมชั่นดีๆต้องศูนย์นิสสันค่ะ สนใจแวะชมได้ค่ะ,positive,wisesight_sentiment
3084,กระเป๋าฉีกค่ะเดือนนี้,positive,wisesight_sentiment
1178,อยากกกกๆๆๆๆๆๆ,positive,wisesight_sentiment
666,ไปซีคอนบางแค ฝนตก น้ำท่วมถนน เจอกันครั้งแรกหัวใจเต้นแรง แล้วพากันกินบาบีก้อน อาหารมื้อแรกของเรา,positive,wisesight_sentiment
3170,Fullmoon alcohol 5% กูก็คิดว่าคงไม่เมาหรอก ก็หวานดีหอมดีกินเรื่อยๆ รู้ตัวอีกทีแม่งกินไปห้าขวด โอ้วโหจั๊กง่าวววว,negative,wisesight_sentiment
3507,ไปกินแทบทุกอาทิตเลยค่ะ,positive,wisesight_sentiment
2830,จัดมาสักขวดสิเพื่อน,positive,wisesight_sentiment
583,คุณลุงคนขับแท็กซี่ ทำฉันหัวร้อน!!!!,negative,wisesight_sentiment
54,หลังสอบ 👍🏽,positive,wisesight_sentiment
664,ต้องไปฉลองที่ฮอตพอต,positive,wisesight_sentiment
1186,บุ๋มชอบของการ์นิเย่สีเหลืองค่ะ เช็ดสะอาดดี ผิวไม่แห้ง แต่กลิ่นน้ำหอมแรงไปนิสจ้า,negative,wisesight_sentiment
72,อิห่า แมคไม่คุ้มเลย เคฟซีน่าแดกกว่า,negative,wisesight_sentiment
83,มึงงงง อยากกินอ่ะ,positive,wisesight_sentiment
1672,ไข่มุกน่าจะเหมาะกับ Celerio,positive,wisesight_sentiment
158,ผมคนนึงที่ใช้วีออสยุ บางครั้งเติมน้ำมัน 500 เกย์ไม่ขึ้น ไม่ขยับ ดับเครื่องสตาร์ทไหม่ก็ไม่ขยับ ยังคิดว่าเค้าโกง ขับๆไปสักพัก ถึงดีดขึ้นมาเ บางทีเกย์น้ำมันก็ค้างครับ เป็น มา 2 3 ครั้งล่ะ จนตอนนี้ชินไปล่ะ,negative,wisesight_sentiment
3820,อยากได้แคมรี่2017คับจะเอามาวิ่งงานสนามบิน เกิดเดือน 11 คับ,positive,wisesight_sentiment
1295,โบกแท็กซี่สิบคันไม่ไปซักคัน,negative,wisesight_sentiment
2774,ไม่ได้ต้องเก็บตังเปย์เดอะเฟสชอปแหสะ,negative,wisesight_sentiment
2133,ok เย้ๆๆ ผึ้งเลี้ยงงง,positive,wisesight_sentiment
2802,ไปกินมาคราวก่อนบะหมี่กะเพราเป็ดย่างไม่อร่อยอย่างที่คิดดูน้ำมันมากทานแล้วเลี่ยนมากค่ะ น่าจะปรับปรุงสูตรกะเพราให้กลมกล่อมมากกว่านี้ค่ะ,negative,wisesight_sentiment
2670,ตอนแรก เก็บเงินกะจะถอยมาสด้า 2 เต็มที่เลย พอไปสิงสถิตในกลุ่ม คือเจอมีปัญหาเรื่องเครื่องกันตรึมเลย และก็ราคาซ่อมบำรุงที่ค่อนข้างสูง 1เรานี่ ถอนตัวแทบไม่ทัน เลยเปลี่ยนใจมาเล็ง City ต่อ กว่าเงินจะครบ สงสัยจะเปลี่ยนไปอีกหลายคัน (เปลี่ยนในความคิดนะ 5555),negative,wisesight_sentiment
115,ต้องจัดดดดดดดด,positive,wisesight_sentiment
1539,เนื่องจากวันเกิดเซฮุนมายเมน🌈 แจก ลิปHolika Holika RT+ฟอลหรือไม่ฟอลก็ได้ เสือกสีได้เองเลย ประกาศ 19/04/2560…,negative,wisesight_sentiment
3129,ไอ้รูปหมูดิบของบาบิก้อนที่เป็นประเด็นอยู่นี่ดูรูปกี่ทีก็ขนลุก จะพยาธิจริงไม่จริงก็ไม่อยากกินแล้วอะ,negative,wisesight_sentiment
792,ป่ะๆ กินเอมเคกันค่ะพี่เบียร์,positive,wisesight_sentiment
3442,อยากกินเหรอครับ😽,positive,wisesight_sentiment
3975,ในตัวเมืองโคราชขายเบียร์ช้างขวดละ 90 ลีโอ 100 นี่ขนาดขายฟรีค่าที่ไม่ต้องเสียนะเนี้ย,negative,wisesight_sentiment
1955,"4,000,000 บาท ซื้อรถอีซูซุ มิว7 ที่เหลือ ฝาก ธนาคาร",positive,wisesight_sentiment
3837,ชอบสนามบิน Schiphol อัมสเตอร์ดัม ตรงที่ดูเหมือนจิ๋วๆ แต่มีทุกอย่างที่จำเป็นและควรมี จะไปแท็กซี่ รถไฟใต้ดิน โฮเทลบัส คือเดินไม่กี่ก้าวก็ถึงละ ตัดภาพมาที่ดอนเมืองบ้านฉาน เวิ้งว้างล่ะเกิน,positive,wisesight_sentiment
2226,รถไม่มีเซนเซอร์ งานเข้าแล้ว ฟอร์จูนเนอร์ บริษัทไม่ได้ติดตั้งมาเหรอ ไอ่....หน้าด้านแถแท้ๆ,negative,wisesight_sentiment
3824,ไปบอกซีพี เซ็นทรัล เบียร์ช้าง สิงห์นู้น ควย,negative,wisesight_sentiment
1538,เพื่อนเราก็มีค่ะ นางอยากใช้พวก3ce mac แต่ไม่มีงบก็ไปซื้อของก๊อปตลาดนัด เราก็ได้แต่อึ้ง พูดอะไรไม่ได้55,negative,wisesight_sentiment
2640,"เป็ดอย่าง,mkอร่อยมากไปทุกครังจัต้องสั่ง",positive,wisesight_sentiment
2260,กินสเมอนอฟ กระป๋องเดียวก็มึนแล้วอ่ะ กากจัง T___T,negative,wisesight_sentiment
1012,ผ้าอนามัยเย็นจิ๋มมันไม่ควรมีกลิ่นที่ดูเหมือนเฟรชแล้วผสมกับกลิ่นคาวเลือดแบบเนร้ กี๊ด,negative,wisesight_sentiment
3243,ตอนนี้แดกอะไรก็ไม่หวานเหมือนแดกแบล็คละอิเหี้ยย,negative,wisesight_sentiment
2479,อย่าเท ลค. เหมือน ford fiesta นะคนับ,negative,wisesight_sentiment
566,เป็นคนแพ้ผ้าอนามัยค่ะ ยี่ห้อที่เย็นๆนั่นแหละค่ะเราแพ้ ใช้ไม่ได้ผื่นคันคะเยอขึ้นทันทีเลย ต้องเลี่ยง...เลยอดสัมผัสความเย็นกับเค้า 😅,negative,wisesight_sentiment
1143,ลืมว่าเอ็มเค เซ็ตต้มยำชีสหมดเขตวันนี้ T___T อดกินเลย,negative,wisesight_sentiment
3591,อยากกินเบียร์จุงไม่เอาช้างนะ,negative,wisesight_sentiment
2749,ไม่มีพยาธิ แต่มีการอักเสบเรื้อรัง ฝีหนอง และกลุ่มก้อนบแบคทีเรียตรงกลาง ...,negative,wisesight_sentiment
2035,ถูกมาก ระดับโตโยต้ามันต้องเริ่มที่ 3.9 ล้านบาทสิ ไปตั้งราคาใหม่,positive,wisesight_sentiment
3641,กาวผ้าอนามัยนี่ติดทุกอย่างยกเว้น กกน. บริษัทกาวควรขอคำแนะนำ,negative,wisesight_sentiment
1474,ติดตามมาตั้งแต่อยู่เวปเก่า และซื้อรถคันนี้ คันแรก ก็จากรีวิวในเวปเก่า ออกรถวันที่ 21 กพ 2009 ก่อนเปิดเวปไม่กี่วัน ตามไปค้นอ่านรีวิวในเวปต้องห้ามอีกหลายรุ่น จนมาสร้างเวปเอง สมัครสมาชิกเป็นรุ่นแรกๆ มีโอกาสเจอตัวเป็นๆ ตอนพี่จิมไปเทสรถ ออลนิว ดีแมก รุ่นปี 2012 ที่ปาย ได้พาไปทานข้าว ได้ปรึกษาเรื่องรถอยู่หลายครั้งมาก จนตอนนี้ซื้อรถเพิ่ม เปลี่ยนรถใหม่มา 3-4 คัน ก็อ้างอิงข้อมูงจากในเวปนี้เป็นหลัก ผมประทับใจ และจะขอติดตามเวปตลอดไปครับ,positive,wisesight_sentiment
3795,ไปกัลลลลลล,positive,wisesight_sentiment
1017,Chlling out! #ubeer,positive,wisesight_sentiment
3624,#พาsmootoไปเที่ยว japan 🇯🇵 อยากไปท้า!!!อากาศหนาวเย็นมีหิมะตก #พร้อมเคียงข้างเสมอด้วย เซรั่ม หน้าใส่ 2ตัวนี้ ที่มั่นใจว่า smooto เอาอยู่จริงๆ ไม่ว่าอากาศหนาวเย็น ร้อน แดดแรง รอยสิว ผิวขาดน้ำแค่ไหน smooto เอาอยู่ค่ะ #แล้วจบที่smootoทุกครั้งลงใบหน้า ทั้งเช้าและเย็น 👉จากผู้ใช้จริง เห็นผลจริงค่ะ,positive,wisesight_sentiment
438,เด็ดตามชื่อนะจ๊ะ,positive,wisesight_sentiment
339,เกาเหลาตับ+ลูกชิ้น ข้าวเปล่า พร้อมโค้กแช่เย็นจัด น้ำแข็งบดละเอียดในแก้วสแตนเลส ชื่นใจจริงงงงงงงงงง pic.twitter.com/KrFYhKBcya,positive,wisesight_sentiment
802,การตลาด nissan ชัดๆ แกร่งจริงๆ ถถถ ทั้งขวาน ทั้งจอบทำไรไม่ได้ ถถถถถถถถถถถถถถถ,positive,wisesight_sentiment
255,กฏหมาย 3 เล่ม มันก็หยิบมาใช้จนผิดจนได้อ่ะครับ,negative,wisesight_sentiment
55,ดีมากๆๆเลย,positive,wisesight_sentiment
2665,ตกใจขนาดผ้าอนามัยที่เคยใช้ ยังทำบางลงเรื่อยๆ เราใช้โมเดสแบบไม่มีปีก เมื่อก่อนมันหนานุ่มมาก ตอนนี้มันบางลงเยอะเลย คือไรปัญหาในประเทศ5555555,negative,wisesight_sentiment
1007,มันอร่อยมาก ลืมอ้วนกันเลยทีเดียว,positive,wisesight_sentiment
1733,เห็น อาจารย์ ปิยบุตร อยู่ตรงนั้นแล้วรู้สึกภาคภูมิใจในตัวเองจนอยากจะจูบปากตัวเองจริงๆ ที่เป็นเสียงหนึ่งที่ส่งเขาไปอยู่ตรงนั้นจากนี้เฝ้ารอรัฐธรรมนูญใหม่ที่มีอาจารย์ ปิยบุตร เป็นหนึ่งในผู้ร่าง #ตั้งรัฐบาล #อนาคตใหม่ #โตแล้วเลือกเองได้,positive,wisesight_sentiment
366,พาไปหน่อยจ้าาาา,positive,wisesight_sentiment
2554,ที่เปิดให้จองไว้ป่านนี้ยังไม่ได้ และยังเก็บค่าส่งด้วย แล้วทำไมซื้อที่ยังร้านมีส่วนลดอีก หมายความว่าไงค่ะ,negative,wisesight_sentiment
3459,อยากกินว่ะเพิ่ล,positive,wisesight_sentiment
780,สงสัยพ่อมันเป็นมะเร็งตายแหง๋มๆ,negative,wisesight_sentiment
1886,เราเป็นคนนึงที่ไม่เซียนการเมือง ไม่ฝักใฝ่ฝ่ายใด พอคณะนี้เข้ามา เศรษฐกิจฝืดๆ ขัดๆ เราก็ไม่กล่าวหา ก้มหน้าก้มตาทำหน้าที่ตัวเองไป แต่พอมาเห็นข่าวนาฬิกาเอย แจกเงินเอย เลื่อนเลือกตั้งเอย โหยอีแย่เม็ด กูไม่ทนล้าวววววว #เลื่อนเเม่มึงสิ,negative,wisesight_sentiment
3648,อะ น้ำตาจะไหล กูต้องซื้อ breezer ภายในวันนี่หรอ,negative,wisesight_sentiment
3274,จับบุหรี่ไฟฟ้า ยึดรถ????,negative,wisesight_sentiment
1808,นี้ก้จระเจ้แต่ให้กินลีโอคงไม่ เบียร์ลาวยังจะพอทน,negative,wisesight_sentiment
2185,กิ่งที่ช่วยเติมเต็มรสชาติความอร่อยในมื้ออาหารของเราคือเสียงเพลง แนวจังหวะเพราะๆ ฟังสบายๆ กินไป ฟังไป สำหรับเราไม่เคยขาดเพื่อนเพราะมีช้างค่อยเติมคำว่าเพื่อนเสมอ นอกจากช้าง จะเติมเต็มคำว่าเพื่อนแล้ว ยังเติมเต็มให้รสชาติอาหารมื้อนั้นอร่อยและเป็นมื้อพิเศษสุดๆ ยิ่งได้กินกับเพื่อนแล้วฟังเพลงชิวจากวงโปรดแบบรูม39 มีความสุข,positive,wisesight_sentiment
1980,เอาเบียร์กับsmirnoff midnightมาผสมกันกะว่าเมาๆได้หลับง่ายขึ้น อิควายดีดกว่าเดิมอีก ลุกมาขัดห้องน้ำถูกพื้นตอน5ทุ่มครึ่งแล้วกู,negative,wisesight_sentiment
336,ไม่ได้สังเกตุอะ แต่คงไม่พาไปกินละ เข็ดละ ถึงเค้าชอบก้เถอะ,negative,wisesight_sentiment
2933,ก็กูรู้ไงว่ามึงไม่ได้หยอก มึงก็แค่อยากไปเจอพี่เขาก็บอกตรงๆอย่ามา...แถวนี้,positive,wisesight_sentiment
1608,ไก่ เบื่อเอ็มเค,negative,wisesight_sentiment
472,อาการหนักมาก ตั้งแต่เมื่อคืน มาวันนี้ใช้งานไม่ได้ตั้งแต่ช่วงบ่าย inbox ไม่แม้แต่จะอ่าน เจอแต่น้องมะลิ (iService ก็เช่นกัน) วันหยุด มาเจอเน็ตใช้งานไม่ได้อย่างเซ็ง..,negative,wisesight_sentiment
1924,เคยเข้าไปเม้นท์ในเพจไอ่หงอก มันมาตอบเอง(เรื่องที่มันอ้างว่า เบียร์ช้าง จ่ายเงินให้มาเวล นำภาพในหลวงร.9ไปใส่ในหนัง spiderman)สาวกมันเข้ามาสมทบ บอกว่าให้แคปเม้นท์ไปใส่กรอบ ที่อ.หงอกลงมาตอบเอง?? กุละขรรมกลิ้ง บอกพวกมัน ไอ่หงอกมันน่าจะดีใจมากกว่าที่กุอุตส่าห์สละเวลามาคุยกะเหี้ยอย่างมัน แม่มดิ้นกันทั้งเพจ 55555555555,negative,wisesight_sentiment
1485,มีโปรดีมาก แต่ระงับวอเลท เบื่อ,negative,wisesight_sentiment
537,ผมคิดว่ามันก็ไม่ดีหรอกนะครับ ตอนนี้ก็สูบบ้านผมอากาศหนาวมาก10องศาสังเกตสูบตอนเช้ารู้สึกว่าจะปวดหัวอยู่หน่อยๆ ผมว่าถ้าเลิกได้ก็เลิกนะครับ แต่ผมยังไม่เลิกมันอร่อยดีเหมือนสูบแทนน้ำ 5555555555 ข้อความอาจจะไม่เกี่ยวกับโพสนะครับขออภัยด้วยนะครับ. แฮร่,negative,wisesight_sentiment
3250,เคยเห็นคดีเมื่อ 10 ปีก่อน สาวทุบรถ HONDA CRV ตัวเอง เพราะรถมีปัญหา ไปขอเปลี่ยน HONDA ก็ไม่ให้เปลี่ยน ไม่รุ้เรื่องจบยังงัย,negative,wisesight_sentiment
3866,รสชาติดีคะ ชอบ.,positive,wisesight_sentiment
3982,ตังจะซื้อของยังไม่มีเลย5555,negative,wisesight_sentiment
3556,บุหรี่ไฟฟ้าค่ะไม่ได้ฆ่าคนตายถึงต้องยึดรถแหม,negative,wisesight_sentiment
3096,ไปกันมั้ย😅😅😍😍,positive,wisesight_sentiment
2043,ไม่ชอบกินเบียร์ มีบุฟเฟ่ต์แสงโสม หงส์ทอง แม่โขง ไรแบบนี้มั้ย,negative,wisesight_sentiment
1525,"😃 เมื่อ มนุษย์ป้า และ พวกแก่กระโหลกกะลา ในทวิตเตอร์บางคน บอกว่า ... ""ธนาธร ไม่กล้าด่า ทักษิณ"" งั้น มาฟังกันชัดๆ จากปาก สุริยะ จึงรุ่งเรืองกิจ แห่ง #พลังประชารัฐ อาแท้ๆ ของ ธนาธร จึงรุ่งเรืองกิจ แห่ง #อนาคตใหม่ 😉 #เลือกตั้ง62 #ฟ้ารักพ่อ #ฟ้ารักพ่อเพราะนโยบายของพ่อ",positive,wisesight_sentiment
3580,ทำไมมันไม่มีโปรให้เร๊าาาาาา,negative,wisesight_sentiment
659,"งานเข้า! ""มาสด้า"" ฟ้องลูกค้า ""เรียกค่าเสียหาย 95 ล้าน"" แจงเหตุผลทำไมถึงฟ้อง ?!",negative,wisesight_sentiment
2526,กินกันไหม๊,positive,wisesight_sentiment
1113,ทักษิณนี่มันทักษิณจริงๆ เดินหมากนำคนอื่นตลอด มาแต่ล่ะที ศัตรูตายห่าหมด น้อยแต่มากของจริงชิบหาย #ทรงพระสเลนเดอร์ #ไทยรักษาชาติ,positive,wisesight_sentiment
2956,คุณธนาธรกับการแก้ปัญหาใน PM 2.5 ที่ยั่งยืน ตรงจุด!! กระชับ!! เข้าใจได้!!! เฉียบ!!!!! หนูอยากได้คนนี้เป็นนายกค่ะแม่!! 😍 #ไทยรัฐเลือกตั้ง62 #ไทยรัฐดีเบต #อนาคตใหม่ ดูสักหน่อยเถอะ ผมขอร้อง ไหว้หล่ะ,positive,wisesight_sentiment
1979,เสียดายมากสาขาที่เพชรบุรีปิดไปแล้ว,negative,wisesight_sentiment
3740,ต้องพาน้องจิไปกิน,positive,wisesight_sentiment
3119,วันนี้ไปกิน มั้ยคะ พี่เลี้ยง😆😆,positive,wisesight_sentiment
2888,ดีนะ กินลีโอ กิกิกิ,positive,wisesight_sentiment
3214,นี่ก็ซื้อลิปสติก Tom Ford ตาม บตบก นะคะ ดูสีสวย+แพ็กเกจหรูมาก แต่พอใช้จริงแล้วคิดว่าแพงเกินเหตุ แพ็กเกจก๊องแก๊งไปห…,negative,wisesight_sentiment
1145,สนจัยนิสสันค่ะ,positive,wisesight_sentiment
3159,Sivanna ก็อปหนักมาก ทั้งลิป ทั้งคุชชั่น แปรง รองพื้น บลาๆ,negative,wisesight_sentiment
704,เสียดายพึ่งวันอาทิตย์ไปทานมาไม่รู้ว่ามีเล่นเกมด้วย,negative,wisesight_sentiment
2418,ชอบ Honda Civicค่ะ ดูสปอร์ตวัยรุ่นดี แถมการออกแบบทั้งภายในภายนอกที่ดูทันสมัย โฉบเฉี่ยวน่าขับมากค่ะ #TheFuturelsWhatWeCreate,positive,wisesight_sentiment
2947,ดีใจจจจจ ^^,positive,wisesight_sentiment
2912,อ่านเมื่อคืนก่อนนอนโคตรบันเทิง 😂😂😂 สรรพคุณล้ำเลิศมาก ลาแมร์ ลังโคม ฯลฯ ชิดซ้ายเลย,positive,wisesight_sentiment
3906,เคยไปลองขับแต่mg5,positive,wisesight_sentiment
1536,ไปง้าบบบ 💓,positive,wisesight_sentiment
154,ไม่อร่อยไม่คุ้ม ของน้อยมาก ของหมดไม่เติม กินบาร์บีก้อนคุ้มกว่า,negative,wisesight_sentiment
435,จัดจ้านในย่านป้อมปราบศัตรูพ่าย @ Ba hao 八號,positive,wisesight_sentiment
1052,อือหือ. น้ำไหล,positive,wisesight_sentiment
2016,แกเคยกิน แกก็ชอบอยู่เพราะมีหลายอย่าง แต่สำโรงของน้อยเนอะ,negative,wisesight_sentiment
933,มันหายกันได้ด้วย พนง เทพ มาก,negative,wisesight_sentiment
3954,หิวแล้วววว,positive,wisesight_sentiment
2108,มั่วแต่จ้องจะจับแต่บุหรี่ไฟฟ้า,negative,wisesight_sentiment
3203,😚😚😚 ลองอันนี้สิคะ ลอรีเอะ ซอฟท์แอนด์เซฟ เอ็กซ์ตร้าโพรเทคชั่น แอนตี้แบคทีเรีย แบบกลางคืนกังวล เครียด มีปัญหานอนไม่หลับช่วงวันนั้นของเดือน ลอรีเอะ ซอฟท์แอนด์เซฟ เอ็กซ์ตร้าโพเทคชั่น แอนตี้แบคทีเรีย แบบกลางคืน 1 แผ่นครบทุกความต้องการ ลดการสะสมของแบคทีเรีย สาเหตุของกลิ่นอับชื้นกวนใจ แถมด้วย ไซด์ บล็อก หยุดการซึมเปื้อนด้านหลัง สุดยอดไปเลย 💖 หลับสบายตลอดคืน ตื่นมาสดชื่น 😊😊😊😊😊,positive,wisesight_sentiment
2599,🙄🙄🙄 เทคนิคป้องกันผิวรับซัมเมอร์ ของเรา คือ ทาครีมกันแดดสม่ำเสมอ / ทาก่อนออกแดดสัก 10-15 นาที และ ทาซ้ำทุกๆ 2-4 ชม. / ใส่เสื้อผ้าเบาสบายอย่าหนาจนเกินไปปกป้องผิว / ไม่เดินตากแดดแรงๆ หลีกเลี่ยงแดดช่วงที่ร้อนที่สุดของวันได้จะดีมากๆ 😉😉😉 อยากได้ Kiehl's Daily UV Defense อยากทดลองใช้ เพราะ ไม่ทิ้งคราบซึมไว ป้องกันจุดด่างดำความหมองคล้ำ ปกป้องผิวกันแดดได้ดีค่ะ,positive,wisesight_sentiment
2141,สาขากาญจน์ของก็คงน้อยตามเคย,negative,wisesight_sentiment
1849,#รถสวย รถดี มีคุณภาพ พนักงานและศูนย์บริการดีเยี่ยม ต้องToyota ที่ #ToyotaBuzz #อาร์ตพศุตม์ #เพิ่มMCร้อยล้าน,positive,wisesight_sentiment
3265,ฮอนด้า แอคคอร์ดตราท้ายแบกกุ้ง,negative,wisesight_sentiment
1256,ลดละก็ยังแพงอยู่55555,negative,wisesight_sentiment
2075,เป็นโปรโมชั่นเปิดสาขาใหม่นะคะ,positive,wisesight_sentiment
3303,ไหนบอกจะเลิก,negative,wisesight_sentiment
811,ป้ะ เย็นนี้,positive,wisesight_sentiment
1008,กลับมาเลี้ยงๆ,positive,wisesight_sentiment
2850,อยากไปไหมแม่,positive,wisesight_sentiment
3545,ถ้าไม่ออกรถฟอร์ด เรนเจอร์ mc 3.2 ผมก็จะออกแร็พเตอร์ เน้นกระบะบรรทุกของได้นิดหน่อย สี่ประตู ไม่เคยมองเอเวอร์เลสเลย,positive,wisesight_sentiment
1831,อยากกินบะหมี่หยกต้มยำ,positive,wisesight_sentiment
3082,เป็นคนหน้ามันมากๆค่ะ หาตัวอื่นใช้ก็คุมมันไม่อยู่เลย😭 เห็นตัวนี้มีรีวิวเยอะมาก รวมไปถึงของอินนิสฟรีตัว…,negative,wisesight_sentiment
2903,จัดบ่ / แต่เมือนี้ไปชาบูก่อนแฮปปี้ๆ😅,positive,wisesight_sentiment
1438,SpyWineCoolerทานมาตลอดดื่มแล้วสดชื่นรสไม่ขมเหมาะสังสรรค์กับเพื่อนมาก,positive,wisesight_sentiment
3108,สนใจ Mazda 2 ครับ,positive,wisesight_sentiment
2604,ไม่น่ากินฟูลมูนเลยอห. เสัยดท้องเชี่ยยย,negative,wisesight_sentiment
2238,แท็กซี่สีเขียวเหลือง ทะเบียน 1 มก 1111 กทม. ทิ้งผู้โดยสาร และหลอกเงินค่าโดยสาร ทำให้ผู้โดยสารพลัดหลง ในคืนวันที่ 31 ธค. แทนที่เค้าจะได้กลับบ้าน มึงทำให้เค้าหลง ไม่มีที่นอน แถมยังเอาตังเค้าไปอีก #แท็กซี่ #คนเลว2019 #คนหาย #ThaiPBS,negative,wisesight_sentiment
1987,จะเลิกเหล้าอียี่ห้อนี้แหล่ะ,negative,wisesight_sentiment
2386,แม่งควายล้วนนน,negative,wisesight_sentiment
3845,รักก้อนนร้า ก้อนน่ารัก 😙😙😙,positive,wisesight_sentiment
3679,ไซส์กูก็น่าจะแพงกว่านั้น 😧,negative,wisesight_sentiment
1170,อยากกิน MK,positive,wisesight_sentiment
1038,แม่หญิงเบลล่าใช้ มิสทีนซุปเปอร์ แบลค ฟิคซ์ อายไลเนอร์ กรีดตาค่ะ ข้าก็อยากได้ อยากลองใช้ค่ะ จะได้กรีดตาแล้วตาคมสวยเหมือนแม่หญิง เขียนเส้นเล็กเส้นใหญ่ได้หมด คมกริบ ติดทน เขียนเสร็จไม่หลุดด้วย ไม่เลอะอีก ผิวตามันก็อยู่ติดท๊นทนนน เริสมากกกกก แล้วจะได้ไปชม้อยชม้ายชายตาให้คุณพี่ค่ะ และแม่หญิงคอนเฟิร์มว่าดีจริง ข้าก็เชื่อแม่หญิง :),positive,wisesight_sentiment
2451,ถ้านิสสันออกแบบให้สวยดูดีกล้ายกสูงฟอร์ดหรือค่ายอื่นๆคงไม่แซงหน้า,positive,wisesight_sentiment
2510,สงขลายังสาขาไหนมั่งนิ ไซไม่บอกให้แหมด,positive,wisesight_sentiment
3649,โดนมานุดป้าแซงคิวแท็กซี่ อีควาย,negative,wisesight_sentiment
3883,เค็มมาก โซเดียมเท่าไหร่ครับ,negative,wisesight_sentiment
199,สู้ๆ อย่ายอมแพ้ค่ะ เป็นกำลังใจให้ค่ะ #ปันรอยยิ้มเพื่อผู้ป่วยมะเร็ง #สานต่อที่พ่อให้ทำช่วยคนไทยพ้นภัยมะเร็ง #ศูนย์การแพทย์มะเร็งวิทยาจุฬาภรณ์ #โรงพยาบาลจุฬาภรณ์,positive,wisesight_sentiment
544,นิสสัน เป็นรถที่ใครๆ ก็รู้จัก รู้จักดีในด้านประสิทธิภาพสูง ขณะนี้มีข้อเสนิพิเศษ,positive,wisesight_sentiment
500,บอนชอนกันมึง กูไม่กินบาบีก้อนแล้วววววว,negative,wisesight_sentiment
3015,สวยมากนิสสันผู้นำรถไฟฟ้าและอีโค่คาร์เจ้าแรก,positive,wisesight_sentiment
3833,มากินที่ตรังเด้2คน,positive,wisesight_sentiment
2937,เปิดพรี ETUDE MATCH TINT SET ลด50%สินค้ามีจำกัด เซทละ590฿ มี2เฉด2สไตล์,negative,wisesight_sentiment
915,พนักงานทุกคนต้อนรับและดูแลดี,positive,wisesight_sentiment
3572,ชอบชีวาส ฟัดเด็ก อนฮ.,positive,wisesight_sentiment
464,คุณลุงแท็กซี่เปิด K-POP ก็เริ่ดอยู่,positive,wisesight_sentiment
1112,เป็นดีลที่ต้องจองโต๊ะผ่าน hungry hub นะคะ มีแค่ที่เทอมินอล21 กับวงเวียนใหญ่ค่ะ,positive,wisesight_sentiment
1110,ช่วงนี้ท้องออกเจ้าไม่ค่อยดี,negative,wisesight_sentiment
837,คนเอาcx5 มาซ่อมนี่พนักงานแทบจะกราบตีน mazda2อย่างกุเหรอ รอไปค่ะ,negative,wisesight_sentiment
2023,ใช้มึงปราบม้ากับไอให้หมดก่อนเถอะยังใงก็มีแต่กูพูดไม่ได้กูกลัวตายกูหว่งลูกหลานกู,negative,wisesight_sentiment
637,น่าโดนจังเลย,positive,wisesight_sentiment
107,ชอบแป้งทเวลพลัสมากค่ะ ซื้อมา เพื่อนถามแป้งไรว่ะ เอาไปลองทาดู แห่กันไปซื้อตรึม หอม หน้าเนียน ชอบมาก,positive,wisesight_sentiment
3270,ว้าววววววว ภาพสวย ^^,positive,wisesight_sentiment
1658,ไม่กินช้าง ช้างไม่อร่ย..,negative,wisesight_sentiment
3042,ควยยย บุหรี่ไฟฟ้าหายยยยย 5555 ไอ้สัสเอ้ยยยย TT,negative,wisesight_sentiment
3094,ชอบ Honda City 2017 มากๆ ชอบหน้ารถที่เหมือนรถแข่งอ่ะ ห้องโดยสารกว้าง เหมาะสำหรับเราเลยแหละ คันนี้นะ รักเลย,positive,wisesight_sentiment
1301,ได้เห็นตัวจริงวิ่งผ่านหน้าสักทีครับกับ Nissan March ใหม่ หล่อมากกกก,positive,wisesight_sentiment
3268,น้ำตบ เซรั่ม โอเลย์ แล้วก็กันแดดค่ะ เว้นระยะเวลาการทาแต่ละตัวด้วยทำหมดแล้วไม่ผ่องแถมเทา,negative,wisesight_sentiment
3165,บาบีกอน คือ ทางออก,positive,wisesight_sentiment
1815,ส่วนพรี่เบื่อเอ็มเคแร้ว,negative,wisesight_sentiment
3623,🤤 (ฟันไม่ตึงละนะ),positive,wisesight_sentiment
245,เหมือนเมนมีเรดาร์ในการไหลไปทุกที่ยกเว้นที่ที่มีผ้าอนามัยรองอะสัด,negative,wisesight_sentiment
1860,บุหรีไฟฟ้า ทำให้รัฐเสียรายได้,negative,wisesight_sentiment
2247,จัดไปค่ะแอด👍👌👌,positive,wisesight_sentiment
3852,เสียใจเซ็นทรัลเวสเกตไม่ร่วม,negative,wisesight_sentiment
3044,ไม่ดีเรยยย เอาจริงแม่กุแดกแค่สปาย แต่กุเนี่ย เสือกแดกหมด555566,negative,wisesight_sentiment
3131,เอ็มเคกัน นะนะนะนะนะนะนะ,positive,wisesight_sentiment
3208,จัดแม่ะ 555555555,positive,wisesight_sentiment
1221,หาร้านสะดวกซื้อยากนิดนึง,negative,wisesight_sentiment
643,คุนหลอกดาว ขมคอเลย,negative,wisesight_sentiment
1522,ซ้อกวางไปกินกานนมุย,positive,wisesight_sentiment
1273,https://brandinside.asia/draft-beer-in-convinient-store/ Family Mart ขายเบียร์ ช้าง ทำไมไม่มีใคร ตื่นตัว รึตกข่าว พากันทำอะไร น่าขำดี โลกสวย แต่คิดลบ มองโลกในแง่ร้าย แต่กลับสร้างภาพว่าตัวเองทำถูก งง มาก ตรรกะ คนไทยบางกลุ่ม,negative,wisesight_sentiment
377,แพ๊คของเรียบร้อยดี,positive,wisesight_sentiment
2312,ขอบพระคุณมากๆที่ชื่นชอบการบริการของน้องๆก้อนน๊าคร้าบบ😊,positive,wisesight_sentiment
1574,ชอบ Honda Civic เพราะมันคล่องตัวและกว้างเหมาะกับการใช้งาน Eveeve Eve แกไปดูกะชั้นนะ #ฮอนด้าที่รัก #EnjoyHondaThailand,positive,wisesight_sentiment
748,ดูอาหารว่าถูกหรือแพง ดูที่ปริมาณและราคาคัฟไม่ใช่ดูที่จำนวนคน 1)ทะเลลวก700สำหรับผมแพง 2)เบียร์ช้างตกขวดละ120 3)น้ำแข็ง80 ผมว่า3อย่างนี้แพงคัฟ,negative,wisesight_sentiment
2212,หาแดกกับทุนอำนาจเก่า ได้สิทธิพิเศษจากไอ้เปรม แก้กฏหมาย ได้โควต้าพิเศษมาเยอะ นี่จะได้ทำรถไฟฟ้าสายสีทอง รถไฟความเร็วสูง สื่อเหี้ยๆก็ได้เงินโฆษณาปิดปาก ยกประเทศให้แม่งไปแบ่งกับไอ้เบียร์ช้างเหอะ,negative,wisesight_sentiment
1465,บุหรี่ไฟฟ้าน่าจะดีกว่าจริงๆ,positive,wisesight_sentiment
1840,แสงโสมไม่อร่อยเยอะ หวานไป,negative,wisesight_sentiment
2566,หลอกเรากินเห็ด..แพงๆ...เดัยนี้ทานแต่ชาบู,negative,wisesight_sentiment
446,หมดเกลี้ยง,positive,wisesight_sentiment
1476,555 แดกเบียร์หรอ วันนั้นว้อดก้านะ absolute,positive,wisesight_sentiment
1109,#เมอา สั่นๆง่ายได้ใจความ ภาษาติ่งเค้าบอกให้ผมเรียก นูกู 55555555555555555555555555555555555555555555555555555555,positive,wisesight_sentiment
406,สนใจMG3ค่ะ,positive,wisesight_sentiment
2613,อินนิสฟรี ซองอูหมดแล้วจริงดิ เวงๆๆๆ งี้นี่จะได้ป่ะวะT_T,negative,wisesight_sentiment
3271,BEWBD25 ลด20% ขอ innisfree สักขวดได้มั้ยยยยยย ข้าเขย่าแอพลาซาด้า จนปวดแขนล้าวววว ไม่ได้ส่วนลด เพราะแอพไม่ได้อัพเดท,positive,wisesight_sentiment
2417,แค่สปายอะตอนนั้น ปวดกบาลไปทั้งวัน ไม่หร่อย ไม่ชอบ ไม่แดกแล้ว555555555555555,negative,wisesight_sentiment
727,นิสสัน navara PPV? เชย แก่ โบราณ,negative,wisesight_sentiment
1712,ไม่เจียมไงเสือกแดกลีโอ,negative,wisesight_sentiment
2671,กานีเย่นี่ล้างออกยากเชี่ยๆ,negative,wisesight_sentiment
2491,คืออะไรไม่เข้าใจอธิบายหน่อยค่ะก้อน ซื้อ1500 แล้วได้คูปอง500 สามใบ =1500 แล้วมันพิเศษตรงไหน,negative,wisesight_sentiment
3783,เห็นเค้าพูดได้ดี แน่นอนผมรุว่าผิดแต่กฎหมายมันแรงไป,negative,wisesight_sentiment
2567,รักของเรามีทุกรสชาติค่ะ มีสนุก เศร้า หัวเราะ ร้องไห้ มุ้งมิ้งๆ ทะเละกันก้อบ่อยค่ะ แต่ก้อกับมารักกันเหมือนเดิม ก้อเหมือนSPY ที่มีหลายรสชาติ เป็นสีสันของชีวิตค่ะ ไม่ว่าจะสุขหรือทุกข์ ถ้าผ่านมันมาด้วยกันได้ ก้อจะทำให้เราเข้าใจกันมากขึ้น ขอบคุณที่อยุ่ข้างๆกันจับมือกันมาตลอด แระเราจะจับมือกับแบบนี้ตลอดไป,positive,wisesight_sentiment
1841,ตังค์จะใช้ไปวันๆยังหาไม่ได้เลย,negative,wisesight_sentiment
1115,มหาชัยก้อมี..ทานครบ1000รับกล่องข้าว,positive,wisesight_sentiment
473,ครอบครัวรัก รักครอบครัว น่ากินจุง,positive,wisesight_sentiment
2447,อยากพาพ่อแม่ไป,positive,wisesight_sentiment
2846,เวรกรรมเลยมาตกกับผู้บริโภคไง,negative,wisesight_sentiment
393,ป้ายโฆษณาที่ตึกดันเป็นเบียร์ลีโอ อีก มันก็คล้าย ๆ เสือดำอยู่ ซวยจริง ๆ เปรมชัย โดนโยงไปหมด 😂,negative,wisesight_sentiment
2262,ลูกอายุยังไม่ถึง12ปี แต่สูงเกินก็ไม่ได้เลย #ใช้ส่วนสูงวัดแทนอายุ,negative,wisesight_sentiment
1700,วิธีกด See First 1.เข้าหน้าแฟนเพจ MK RESTAURANT แล้วกดตรงปุ่ม Following/ติดตาม 2.กดปุ่มขวา See First/เห็นเป็นอันดับแรก ขอบคุณค่ะ,positive,wisesight_sentiment
3799,ตัวหนังสืออย่างกะมดสึดดดด,negative,wisesight_sentiment
3109,แม่งไม่มีคำว่า สว. ซักกะแอะ,negative,wisesight_sentiment
2668,จริงค่ะ โซฟีนี่กาวดีเว่อร ติดหนึบ ต้องซักถึงออก🤣,positive,wisesight_sentiment
3142,"คุณก็รู้ ""ที่นี่ประเทศไทย""!!",negative,wisesight_sentiment
3448,5555555 สถานการณ์คุ้นๆ 10%,negative,wisesight_sentiment
1195,รีโว่หลังปีใหม่เริ่มเห็นเยอะขึ้นแล้ว หน้าใหม่ก็ดูดีขึ้นกว่าเก่า แต่หน้าใหม่ดีแมกก็สวย สวยคนละแบบ,positive,wisesight_sentiment
992,ปกตินี่จะไม่ใช้น้ำหอมที่กลิ่นฉุนจนเวียนหัวอ่ะ ใช้ได้แต่พวกกลิ่นแป้งเด็ก ชอบสุดคือของ bvlgari (แต่ไม่ค่อยทนเพราะอากา…,negative,wisesight_sentiment
1771,ประเทศเจริญเบียร์ช้างซีพี,negative,wisesight_sentiment
515,มันจันทร์กับศุกร์มั้ย,positive,wisesight_sentiment
1768,ต้องจัดค่ะ,positive,wisesight_sentiment
3453,ขอบคุนทุกคนเลยครับ,positive,wisesight_sentiment
1091,สู้ๆคับ ผมเลิกได้แล้ว ไม่พกไปไหนด้วย เอาไว้ดูดเวลาอยู่บ้านอย่างเดียว,positive,wisesight_sentiment
2577,รีวิวเบียร์ที่ฝรั่งเศส ให้เพื่อนแนะนำเบียร์หน่อย ตอนแรกหยิบโฮมา เพื่อนบอกไม่อร่อยนะ มันเป็นเบียร์แมส เทียบได้กับไฮเนเก้นงี้ อห! ละหยิบขวดนี้ให้ /อยู่ไทยแดกโฮคือโอมากแล้วไง 😂,negative,wisesight_sentiment
1699,ของไม่เยอะเลย,negative,wisesight_sentiment
2207,Jazz RS+ กับ Mazda 2 1.5 XD High Connect ตัวไหนน่าสนใจกว่ากันครับ ปัจจุบันใช้ Mirage ขับคนเดียว (ไป-กลับที่ทำงาน 50 กม) ถ้าถนนโล่งขับเรื่อย ๆ 80-100 แต่ชอบมุดหลบรถที่ขับช้าขวางทาง แล้วก็กลับไปความเร็วปกติ แต่เกียร์ CVT ของ Mirage มันตอบสนองช้าจนน่าหงุดหงิด เลยไม่แน่ใจว่าของ Jazz มันจะลบข้อด้อยตรงนี้ไปได้ไหมครับ ปล. ตอนแรกเล็ง CX-3 2.0 S แต่เริ่มมองว่ามันเกินความจำเป็น และพื้นที่ภายใน (รวมถึง Ground clearance) มันไม่ต่างกับ Mazda 2 เลย (กับส่วนต่าง 2 แสนบาท) (และค่าประกัน + ภาษี + ซ่อม + น้ำมัน น่าจะต่างกันประมาณนึง),positive,wisesight_sentiment
781,ใส่ชุดไทยไปติ..เงินซื้อชุดไทยแพงกว่าส่วนลดอีก..,negative,wisesight_sentiment
260,มั่วแล้วเบียร์ช้างราคาเดิม.55,negative,wisesight_sentiment
2722,บ่นกับเพื่อนทุกครั้งว่าอยากใช้ Kiehls แต่แพง สรุปได้ใช้แล้วใช่มั้ย5555,negative,wisesight_sentiment
2197,ผู้นำเรื่องเหี้ยอะไร คนด่าทุกโพส เน็ตเหี้ยๆ,negative,wisesight_sentiment
1950,แต่ผมชอบมาสด้า2ดีเซล ประหยัดน้ำมันดีครับ,positive,wisesight_sentiment
3405,"กู้ดอินนิสฟรีแจฮวานในอีเบย์ขาย 45,99$ ...นี่ปาดเหงื่อไม่พอ ปาดน้ำตาอีก โง้ยยยยย ทำไมอัพราคาแพงแบบนี้ 😭😭😭",negative,wisesight_sentiment
2621,ครั้งที่39 อยากไปดูHonda Civic ค่ะ,positive,wisesight_sentiment
2596,ยอดเยื่ยมmgรุ่นนื้หนักแน่นเวลาขับขื่เก๋มากน่าทดลองสไตล์ยุโรปสุดเท่ห์ถ้าได้ขับขื่,positive,wisesight_sentiment
3964,ดื่มอร่อย อ่อยไม่เบื่อ กินดี ปี้กันทั้งคืน ยืนยังเซ แถมโดนเป เยสเข้ ถึงบ้านได้ไง,positive,wisesight_sentiment
382,อยู่ภูเก็ตเอาใจช่วยครับ,positive,wisesight_sentiment
2540,ผมใช้ดากอนพาวเวอร์4X4มา 20ปี วีครอสรุ่นนี้สวย ดีแม๊คไฟมันไม่สวย,negative,wisesight_sentiment
2570,แง่วเพชรบูรณ์ไม่มีร่วมเลย,negative,wisesight_sentiment
2917,แง บาบีก้อนนนนนนนนนนนนน ถ้ามีไข่พยาธิน้องไม่โอเคคคคคคคคคคคคค,negative,wisesight_sentiment
919,ผมเงินเดือน5หมื่นยังไม่กล้าซื้อเลย...เสียดายเงินที่ผ่อน...ใช้แอคคอดล้านกว่าบาท สำหรับผมก็พอละ..,negative,wisesight_sentiment
2835,เกิด เดือน กพ. ใช้ได้. ตลอดเดือน. หรือ ใช้นได้ แค่ หนึ่งครั้ง ค่ะ,positive,wisesight_sentiment
3938,ปกติทานอาทิตย์ละ 2 ครั้งแต่พอเห็นภาพที่แชร์ไปทานไม่ลงจริงๆค่ะ T T หวังว่าจะได้คำตอบโดยไวนะคะ,negative,wisesight_sentiment
1394,สาขาเซ็นทรัลพิษณุโลก ร่วมรายการมั้ยคะ,positive,wisesight_sentiment
1734,อยากไปวันที่ 13 มากๆเลยครับ ุลุ้นๆ #S2O2018 #BLEND285 #FindYourJoy #ใช้ชีวิตให้กลมกล่อม,positive,wisesight_sentiment
557,มือใหม่ หรือ ใครที่ชอบแต่งตา โทนน้ำตาล แนะนำพาเลทของ NYX Professional Makeup Thailand เลยค่ะ เม็ดสีชัด ติดทน ชิมเมอร์เนื้อนุ่ม แต่เนื้อแมทเนื้อจะแป้งๆหน่อย แต่สีสวย ติดทน โทนสีใช้ได้ทุกโอกาส หาซื้อก็ง่าย ราคาหลักร้อย ถ้าจำไม่ผิด น่าจะ 700++ ค่ะ,positive,wisesight_sentiment
3762,น้ำติ้มไม่หร่อย เค้าไม่กินเนื้อ ไม่ชอบบบอ่ะ,negative,wisesight_sentiment
1530,Loveก้อนนนนนที่สุดในสามโลกเบยยยยย😘😘😘,positive,wisesight_sentiment
3155,เมื่อเพื่อนฝากซื้อโฮกาเด้น ละกูอ่านป้ายไม่ดีเองอะ นึกว่าซื้อได้ตอนนี้ คือเค้าห้ามซื้อเวลานี้ ละพนง.บอกห้ามจำหน่ายแอ…,negative,wisesight_sentiment
2582,อดไรอ่ะอยากกินบาบีก้อน😔😔,positive,wisesight_sentiment
1573,รอก่อนเด้อ,positive,wisesight_sentiment
2650,ทำไมใน #Netflix ถึงมีแค่7ตอนเองงงงงงงงง แง,negative,wisesight_sentiment
2547,ความคิดเห็นของคุณมีประโยชน์สำหรับฉันมากๆเลยค่ะ เเฟนดิฉันสูบบุหรี่วันละ 3 ซอง ติดต่อมา 3 ปี (อายุ28) จนถูกหามส่งเข้า รพ. ตอนนี้ลดเหลือ 1 ซอง ละหันมาใช้บุหรี่ไฟฟ้าช่วยลด รู้สึกเครียดเเละทรมานเพราะเราไม่ใช่คนสูบ เเต่พยายามให้กำลังใจ ให้เขาเลิกได้เร็ววัน.,positive,wisesight_sentiment
2333,มั่นใจเลือก มิตซูบิชิ เป็นเพื่อนคู่ใจตลอดทุกทริปไม่ว่าจะเหนือใต้ออกตก เธอก็อยู่ข้างกันเสมอ ประหยัดน้ำมันมาก คุ้มค่า จริงๆ ครั้งนี้ขอเจ้าหนูขาวนำโชคให้พี่ด้วยน้าาา พี่อยากไปMeet&Greet พี่ขุนเรือง เพี้ยงๆๆๆ😁😁😁😉😉 #Mitsubishi #Attrage,positive,wisesight_sentiment
605,พอหลุดเจ เริ่มต้นมื้อแรกด้วย หมูกระทะ เนื้อย่างเกาหลี บาร์บีก้อน ปิดท้ายด้วยเอมเค สวยๆค่ะ,positive,wisesight_sentiment
459,ไม่อร่อยกินอย่างอื่นสิ,negative,wisesight_sentiment
670,เช่นถ้าคนติดคุกเพราะเสพกัญชา แล้วถ้ามีการแก้กฎหมายว่ากัญชาไม่ใช่สิ่งเสพติด คนที่ติดคุกเพราะกัญชาก็ต้องถูกปล่อยตัวครับ แต่กรณีบุหรี่ไฟ้าเป็นการปรับหรือยึดของ ยังไงก็ต้องคืนของครับ ส่วนค่าปรับไม่แน่ใจครับว่าจะคืนได้มั้ย,negative,wisesight_sentiment
816,พร้อมเสมออ😁😁😁😁😁,positive,wisesight_sentiment
224,หมดเขต ก่อนพอดี,positive,wisesight_sentiment
1562,เซ็งงงไม่จัดรายการที่ภูเก็ต,negative,wisesight_sentiment
2354,ไม่จำกัดช่วงเวลา,positive,wisesight_sentiment
3922,เป็นจากบาบีกอนเป็น สวอนโกลไม,positive,wisesight_sentiment
2021,ว้าวๆ ใช้ Cosluxe พอดีเลย กรี๊ดดด,positive,wisesight_sentiment
528,ห่อสีเขียวทุกลาย#ลอรีเอะซูเปอร์อัลตร้าสลิมHelloKittyLimitedEdition#บาง1มม#ซึมซับมาก200เท่า,positive,wisesight_sentiment
1615,ไม่เสียเพิ่มค่าา ยกเว้นซุปต้มยำถ้าสั่งมันกุ้งเพิ่ม เสียเพิ่ม 40 บาทค่า,negative,wisesight_sentiment
1915,ลาจากเบียร์ช้าง มาโซยลีโอ,positive,wisesight_sentiment
3076,โครงการบ้านเดี่ยวหนึ่งเดียวของแสนสิริที่เขาใหญ่ 23ํ Villa by Sansiri มีเพียง 8 หลังเท่านั้น ทุกหลังมีลูกค้าเข้าอยู่อาศัยหมดแล้ว โครงการนี้มีวิวภูเขาเป็นฉากหลัง อากาศดีเงียบสงบ เหมาะกับการพักผ่อน หนีความวุ่นวายของเมืองกรุงครับ 🐘🐘🐘🤗,positive,wisesight_sentiment
163,เสียดาย แฟนไม่ชอบกินเอ็มเค แต่หนูอยากกินนนนน😭,negative,wisesight_sentiment
316,มันน่าาาา.,positive,wisesight_sentiment
2682,รอไม่ไหวแร้ว,positive,wisesight_sentiment
3711,ขอบคุณพี่ๆทุกคน ที่ยอมเหนื่อยเพื่อให้อะไรดีขึ้นๆครับ,positive,wisesight_sentiment
3337,Fortunener ตัวแสบ เจอทีตาพร่ามัวถ้าชนจะไปฟ้องใคร โตโยต้าจะรับผิดชอบหรือ,negative,wisesight_sentiment
360,วอดก้าที่คุณองกิน ซื้อมาลองละ แพงจัง กระป๋องละ3พันห้าร้อยวอนแหน่ะ รสชาติคือๆกับพวกสเมอร์นอฟแหละ,negative,wisesight_sentiment
1127,นี่ก็แบบฝากสเมอร์นอฟดำไป ด้วยความที่ลื๊ม ลืมว่าแม่งมีขวดด้วย ละนางก็ไม่รู้จะเอาขวดหรือป๋องมาให้เลยเอามาสองอัน จากความยั้งใจที่จะไม่กินเยอะ,negative,wisesight_sentiment
3704,ขอร้องเรียนพนักงานเอ็มเค สาขาแหลมทองบางแสน พนักงานชุดขาวผูกไท (คาดว่าจะเป็นผช.ผู้จัดการร้านรึป่าวไม่แน่ใจ) วันที่ 2 ม.ค. 61 เวลา ประมาณ 13.56 น. พาครอบครัวไปทานกันทั้งหมด 5 คน เรื่องเกิดจากสั่งหอยจ๊อฮ่องเต่ รอบแรกสั่งไป 3 แต่ตอนมาส่ง มาส่งครั้งแรก 2 (มีบิล) ครั้งที่สองมาเพิ่มให้อีก 1 (ไม่มีบิล) สรุปครบ 3 จานตามที่สั่ง ครั้งที่ 2 สั่งเพิ่ม 1 มา 1 จาน ครบ สักพักพนักงานมาถามว่าได้ทั้งหมดกี่ที่ เราตอบ 4 แต่คงคิดว่าเราได้มา 5 (เป็นเพราะรอบแรกที่สั่ง ที่มาส่งครั้งที่ 2 ให้ 1 จานแล้วไม่มีบิล เลยคิดว่าเราได้มาโดยไม่ได้ออกบิล) เราไม่เคยคิดจะโกงใครนะคะ บอกไว้เลย เป็นที่การบริหารจัดการคุณไม่ดีรึป่าว สับสนเองแล้วจะมาหงุดหงิดใส่ลูกค้าได้ยังไง บรรยากาศในการทานอาหารเสียหมด วันหน้าของไม่ครบตามบิล ไม่ต้องมาส่งนะคะ หลังจากมีเรื่องบิลเข้ามา ผู้ชายชุดขาวผูกไทก็แสดงกิริยาแย่มาก เทน้ำให้หลานเรา น้ำแข็งจะกระเด็นโดนศีรษะ (เข้าใจว่าพลาดกันได้ถึง 2 ครั้ง) คำขอโทษสักคำก็ไม่มี เราไม่รู้หรอกว่าคุณตำแหน่งหน้าที่การงานใหญ่มากแค่ไหน รู้แค่ว่าคุณไม่เหมาะกับอาชีพการบริการ ถ้าไม่เต็มใจทำก็พิจารณาตัวเองบ้างนะคะ พนักงานคนอื่นที่ใส่ชุดพนักงานเสริฟเค้าน่าจะเป็นตัวอย่างที่ดีให้แก่คุณได้ ฝากทางสื่อช่วยแจ้งพนักงานปรับปรุงการให้บริการด้วยนะคะ ยังอยากจะทาน mk สุกี้ไปอีกนานๆ,negative,wisesight_sentiment
2962,ดีงามยกเซ็ต,positive,wisesight_sentiment
3640,the face shop เคยลองแล้วไม่ค่อยชอบเท่าไหร่ง่ะ แต่แล้วแต่สูตรด้วยมั้ง นี่เคยใช้สูตรหน้า glow glow จากโ…,negative,wisesight_sentiment
2181,มื้อเที่ยงฮะ,positive,wisesight_sentiment
3287,พาไปกินหน่อยๆ,positive,wisesight_sentiment
3602,ตายคาบุหรี่ไฟฟ้า,negative,wisesight_sentiment
1396,เอารถ Honda มาทำ Taxi ตอนนี้ ไม่คุ้มหรอกครับ เพราะ Maintenent สูง อะหลั่งแพง สู้ รถ Toyota ไม่ได้ อะหลั่ย ถูก ร้านกาแฟยังมีขายเลย ต้องพิจารณานะครับ,negative,wisesight_sentiment
2190,อีควายกุไม่ได้รวยนะอีเหี้ย,negative,wisesight_sentiment
3920,ไปกินกันพาลูกไปกิน,positive,wisesight_sentiment
3606,พวกคนแก่ชอบขวางโลก,positive,wisesight_sentiment
1934,บอกแล้วไงชีสเอ็มเคไม่อร่อย อย่าเลยแต่ถ้าเลี้ยงก็ได้หมดแล้วแต่ขุ่นพี่เลย,negative,wisesight_sentiment
3117,กิน ๆๆๆๆ 555,positive,wisesight_sentiment
1659,พี่!! กาวผอนม. (ผ้าอนามัย *ย่อไม?) มันติดได้ทุกอย่าง!! รถถัง เครื่องบิน ปรมนู . . . (บ้าหรอ) มันติดหมดอ่ะพี่ ยกเว้นกางเกงใน... (ในคือเรื่องจริง...) (เศร้า ทีที),negative,wisesight_sentiment
3498,11.01หมดแล้ว ทำการลบแอปได้จ้า,negative,wisesight_sentiment
3859,เกลียดดดดด ไม่เข้าใจกูววว 🙄🙄🙄,negative,wisesight_sentiment
1470,Hoegaarden+Breezer+Snowy คือพังจริง,negative,wisesight_sentiment
497,คร๊าบบ☺️☺️,positive,wisesight_sentiment
392,ไวท์ ไวท์ฟอนคอล หิวววว,positive,wisesight_sentiment
2506,ฮอนด้า อะไหล่แพงหละน้อ เบิกห้างอย่างเดียว ส่วนโตโยต้า รับเต็มๆขายดีเทน้ำเทท่า ส่วนเยอรมัน ใช้เบนซ์ บีเอ็ม 5555 อุดรธานี สกายแลป ไปพลางๆก่อนนะ,negative,wisesight_sentiment
2612,เป็นกำลังใจให้นะคะ,positive,wisesight_sentiment
2156,วันนี้ยังไง,positive,wisesight_sentiment
531,เห็นดราม่าบาบีก้อนว่ามีพยาธิตัวตืดอยู่ แล้วมีคนถามว่าถ้าสุกจะกินได้ไหมคะ? ไม่เท่าไหร่ มีคนถามว่า ถ้าเคี้ยวละเอียดๆ…,negative,wisesight_sentiment
960,หาแต่แนวกิน,positive,wisesight_sentiment
1923,เก๋งหลับในพุ่งชนรถสิบล้อ..แต่ข้างหน้ารถเก๋งไม่เป็นไรเลยสักนิด...ฮอนด้าซิตี้..ของเค้าดีจริง..R.I.P.ผู้เสียชีวิตด้วยครับ,positive,wisesight_sentiment
3595,หูยยยยยตัวเองดูสิ้😵,positive,wisesight_sentiment
1043,เบื่อพวกชอบสูบแล้วพ่นขี้ปากตัวเองออกมาให้คนอื่นดม แล้วก็มีหน้ามาบอกว่าหอม สะอิดสะเอียน,negative,wisesight_sentiment
3812,คือดียยยยยย กราบNetflix ที่เอามาลง ซีรี่ย์อันดับ1 ในดวงใจจจจจจ #NetflixTH,positive,wisesight_sentiment
881,ผักล้วนๆ 😁😁,positive,wisesight_sentiment
1129,ไม่ชอบแพกเกจ jo malone อันใหม่เรยว่ะ เมืลราคาถุก คิวเพรส ออเรียนทอล,negative,wisesight_sentiment
1044,สเมอร์นอฟมิดไนท์เล่นกูแล้ว ไอ้ชิบหาย,negative,wisesight_sentiment
482,เพื่อนดีๆ เพลงดีๆ festival ดีๆ เครื่องดื่มดีๆอย่าง BLEND 285 #TBC2018 #ใช้ชีวิตให้กลมกล่อม,positive,wisesight_sentiment
689,เออสรุปไม่มีใครไป อย่ามาๆกันดีนัก,positive,wisesight_sentiment
3124,พรรคสามัญชนคือนูกูมาก,negative,wisesight_sentiment
547,โทรไป9สายไม่รับพนักงานเอากันอยู่หรือไง นั่งรอสายจนเงินหมด อี***,negative,wisesight_sentiment
1796,ไม่เคยรักใครเท่าบาร์บีก้อนแล้ว,positive,wisesight_sentiment
1614,ห้องน้ำมีกลิ่นเหม็นเน่าตลอด,negative,wisesight_sentiment
3637,ช้างขึ้นราคาแล้วไง เราแดกลาวหน้าภาษี5555555555,negative,wisesight_sentiment
2431,กุว่าตำรวจบางคนก็มีบุหรี่ไฟฟ้า,negative,wisesight_sentiment
384,ใส่ผ้าอนามัยนั่งจนตูดเป็นแผลละอ่ะ โห้ว,negative,wisesight_sentiment
3281,อ้วนไม่เอาแล้วบาบีก้อนกินอโศกเด้,positive,wisesight_sentiment
1520,มาเลี้ยงๆๆเด่วพาไป555,positive,wisesight_sentiment
64,บะหมี่หยกต้มยำไข่มะตูม รสชาติไม่เข้มข้นเลยค่ะ เหมือนกินต้มแซ่บเลย,negative,wisesight_sentiment
550,เบียร์สิง. เบียร์ช้าง แม่งโคตระรวย,negative,wisesight_sentiment
3106,"ป้ายที่โต๊ะอธิบายไม่ชัดเจนเลยค่ะ แบบนี้ทำให้เข้าใจได้ว่า สั่งเมนูใดก็ได้ให้ครบ 1,000 โดยที่มีเป็ดรวมอยู่ในยอดนี้ก็ได้ แล้วจะได้ส่วนลดเป็ด จาก 170 เหลือ 109 เพราะในกรณีของเรา ได้สั่งเป็ดย่างจานเล็กและอื่น ๆ รวมทั้งหมด 1,169 เลยเข้าใจว่าจะได้ส่วนลดอีก 170-109=61 บาท แต่พนักงานแจ้งว่า ยอดที่เราทานไม่ถึง 1,000 คือคิดแบบนี้ค่ะ หักราคาเป็ดออกก่อน 1,169-170=999 ถ้าเราอยากได้ส่วนลดเป็ด เราต้องสั่งอย่างอื่นเพิ่มเพื่อให้ครบ 1,000 ซึ่งจริง ๆ น่าจะระบุประมาณว่า ทานครบ 1,000 บาทขึ้นไป (โดยที่ไม่รวมเป็ด) จะสามารถซื้อเป็ดย่างเอ็มเคจานเล็ก ในราคาพิเศษ 109 บาท (จากราคาปกติ 170 บาท) เข้าใจว่าเป็นการโฆษณา แต่ก็คิดว่าควรต้องมาพร้อมกับความชัดเจน เพื่อป้องกันการสับสนของลูกค้า และความสะดวกในการทำงานของพนักงานที่จะได้ไม่ต้องมาคอยอธิบายลูกค้า เพราะรายละเอียดในป้ายไม่ชัดเจนค่ะ",negative,wisesight_sentiment
238,อยากสวยเหมือน พี่เนย โชติกาสิค่ะ สวยไม่เปลี่ยน #มาส์กโชสวยข้ามคืน #cho_cosmetics #daradaily #ดาราเดลี่,positive,wisesight_sentiment
743,พาไปหน่อยย,positive,wisesight_sentiment
3582,เยี่ยมครับ ซื้อ accord hybrid มาเกือบ 2 ล้าน แต่ไม่รองรับระบบนี้,negative,wisesight_sentiment
3462,อันนี้เคลมว่าไม่มีแอลน่ะค่ะ จริงๆแบรนด์ไทยนะ ถ้าจำไม่ผิด 5555555 คือเค้าบอก non chemical เราเคยใช้บิโอเร…,negative,wisesight_sentiment
1365,ขอน๊ะค๊ะอยากไป อยากดื่ม blend 285,positive,wisesight_sentiment
658,อินิสฟรีพันห้า อีฟโรเช่สองพัน ทรุด,negative,wisesight_sentiment
3049,อยากไปกินอีก 5555,positive,wisesight_sentiment
1010,สปายกินไม่ได้เรยแพ้แรง,negative,wisesight_sentiment
3079,เกลียดไฟฟอร์จูนเนอร์ว้อย,negative,wisesight_sentiment
2968,กฏหมายไทยไม่มีมาตรฐานอะรัยซักอย่าง กฏหมายไทยหัวดอ,negative,wisesight_sentiment
3354,โอ้ว.....💜💜,positive,wisesight_sentiment
3193,มาทาน MK สาขานี้ พนักงานน่ารักมากๆ พี่ผช.ที่ออกสาวๆหน่อย ใส่ใจลูกค้าทุกโต๊ะเลย,positive,wisesight_sentiment
3533,บาบีกอนบอกไม่ใช่พยาธิ แต่เป็นอีสิ่งนี้ น่าสะพรึงกลัวพอๆกัน,negative,wisesight_sentiment
3313,แล้วแต่ชอบครับ สำหรับผมรีโว่สู้ไม่ได้555,positive,wisesight_sentiment
3069,ได้ตลอดคับคุนเทอ,positive,wisesight_sentiment
574,จะกินนๆ555,positive,wisesight_sentiment
1019,แฮปปี้มากๆกับเพื่อนรวมงานทุกคนเลยค่ะ แต่คนเรามันก็จะมีเพื่อนสนิทจริงๆที่สามารถคุยเรื่องงานได้คุยเรื่อง รวมทั้งเรื่องเม้าด้วยเกี่ยวกับงาน ที่คุยแล้วจบไม่มีการไปประสานงานต่อ ให้มีเรื่อง จึงอยากจะพาแก่ไปกินบาบีก้อนฃะหน่อยค่ะเพื่อนรัก ไปกับเรานะ #AdeccoThailand#OnlineActivity#NewYearGift,positive,wisesight_sentiment
3056,100 ชนแหลก ต่อให้อ้วกแตก...ก็ไม่หยุดแดก ไม่หยุดชน,positive,wisesight_sentiment
82,อยากกินเบียร์สิงห์,positive,wisesight_sentiment
3700,MG3สวยคับดูรถได้ที่ไหนครับ,positive,wisesight_sentiment
3891,พาไปหน่อยพน,positive,wisesight_sentiment
1011,รางวัลอะไร อินเตอร์ตายล่ะ #True เป็นบริษัทระดับชาติที่มี backend ห่วย ทำงานได้น่าเกลียดมาก และเดาได้ว่านั่นเป็นเพราะ KPI กดหัว call centre ให้โรยผักชีเปิด ticket กลบขี้งานปัญหาที่ตัวเองไม่ล้าง แถมทุกครั้งที่คุยกัน แกก็ไม่รู้มั่นหน้ามาจากไหน เถียงลูกค้าฉอดๆ ก่อนจะฟังว่าลูกค้ากำลังจะพูดเรื่องอะไร ร้อยละ 80 เกิดเพราะแกตกข่าวเอง และไม่ยอมรับแต่ต้นว่าตัวเองไม่รู้อะไร ยอมรับก่อนสิแล้วฟัง จะได้เข้าใจกันก่อนคุยต่อ ไม่ใช่ว่าเราไม่พยายามเข้าใจ เพราะเราทำงานพบลูกค้าโดยตรงเหมือนกัน เราขอโทษลูกค้าก่อนตั้งเท่าไรทั้งที่เราไม่ได้ทำผิด แต่บริษัทเราผิด เราฟังลูกค้าเป็นชั่วโมงทั้งที่ปัญหาเล็กนิดเดียวและไม่เกี่ยวกับเราโดยตรง คุณคือหน้าของบริษัทนะ ไม่ใช่ก้นของบริษัท เขาไม่ได้จ้างคุณมานั่งกับตด แต่คุณเป็นบริษัทที่ไม่โปรมากๆ ตั้งแต่ตอบว่า “ถ้าการเงินของลูกค้าอยู่ต่างประเทศต้องการเอกสารภาษาอังกฤษหรอคะ” - แกคิดว่าคนทั้งโลกพูดภาษาไทย? “เรามีบุคลากรที่พูดและทำภาษาอังกฤษได้จำกัด โทรติดต่อต่างชาติแผนกเราทำให้ไม่ได้ค่ะ หุากเราต้องติดต่อต่างประเทศเราต้องมีค่าใช้จ่ายเพิ่ม” - แล้วแกจะมีแผนกธุรกิจรับติดต่อต่างชาติทำไมคะ แล้วแกเป็นบริษัทเครือข่ายสัญญาณนะ “ลูกค้าทำเองไม่ผ่านฝ่ายต่างประเทศไม่ได้หรอคะ” - งั้นแกมาซ่อมเสาไฟของแกให้หน่อย เบื่อแกประสานงานกับช่างให้ฉันละ แกทำได้ไหมล่ะ “คือเราได้เมลวันนึงมากมาย อ้อให้หาชื่อลูกค้าจากชื่อเมลหรอคะ แล้วลูกค้าจำได้ไหมคะว่าส่งมากี่โมง แล้วยอดเงินนี้คือของบิลไหน อ้อ มี attachment หรอ อ้อ ฟอร์มก็กรอกแล้วหรอคะ นี่ไม่รู้เลยนะคะ” - ดิฉันก็ว่างั้นแหละค่ะ,negative,wisesight_sentiment
2427,"ฝนตก..ยิ่งนึกถึงทีไรก็ยิ่งชุ่มฉ่ำอุ่นในหัวใจ แม้ว่าคืนนี้อากาศจะ""หนาว""สักเท่าไหร่ ก็ขอฝากลมฝนช่วยเป็นสื่อให้เธอรู้ ว่าฉันคิดถึง.... อยากไป Overcoat Music Festival เพราะงานดนตรีนี้มีศิลปินดีโดนใจหลายวง และมีเครื่องดื่มชั้นดีอย่างช้างไว้ดื่มแก้หนาวอีก อากาศจะหนาวแค่ไหนก็ไม่หวั่นค่ะ",positive,wisesight_sentiment
3542,อยากกินมากกกกกกกกก,positive,wisesight_sentiment
3233,#Mazda3 #เช็ครถสตาร์ทไม่ติด,negative,wisesight_sentiment
2210,อยากกินบุพเฟ่,positive,wisesight_sentiment
3487,พึ่งไปกินมาหายอยากเลยก้อน กะทะดำหมูชอบติดอ่ะก้อนเอาหมูชุบน้ำซุปแล้วก็ยังติด ขอมันหมูหนาๆหน่อยน่ะค่ะ,negative,wisesight_sentiment
141,มูลนิธิ กระจอกครับ รับเงินเค้ามาล้วนๆ เพื่อเอาไว้รณรงค์ ถ้าไม่ได้รับเงินมา ป่านนี้ พวกเค้า ออกมาเต้นให้ห้ามขายบุหรี่แล้ว พวกนี้แม่งปกป้องบุหรี่มวนเต็มที่เลย,negative,wisesight_sentiment
3827,อยากกิน ฉลองความโสดของมึงกะกู ในเมื่อบาร์บีคิวพลาซ่าา มันอร่อยมันจึงคู่ควรกับความโสดของเรา555555,positive,wisesight_sentiment
241,ใครเซียน #rov ต้องชอบอันนี้ อ่านสกิล แต่ละตัวแล้วฮา แล้วแบ็คกราวด์บ่งบอกหัวหน้าทีมมาก ภาพใส่ความหมายกับกิมมิคให้ตีโจทย์ 555 ชอบๆ #เลือกตั้ง62 สีสันดี เอามาจากไหน? เอามาจาก เพจ rovไหมละ เด้อ!!!!,positive,wisesight_sentiment
196,น้ำชอบพี่โชน น้ำทำทุกอย่างก็เพื่อพี่ น้ำไปคัดนางรำ น้ำไปเป็นดัมเมเยอร์ เรียนหนังสือให้เก่ง,positive,wisesight_sentiment
1757,เอาตรงๆ คือ เราเคยไปหาหมอ แล้วจู่ๆ หมอก็จับนมโดยไม่บอก ก็สะดุ้งนะ แต่ก็เข้าใจว่า คลำหามะเร็งพอดีเป็นหมอผู้หญิงไง ไม่คลำเปล่าให้ถอดเสื้อหมดเลยด้วย เราว่ามันน่าจะเคสเดียวกันแต่นี่เสือกเป็นหมอผู้ชาย,negative,wisesight_sentiment
3511,จัดสิ รอไร,positive,wisesight_sentiment
2120,คงจะลดเหลือ299 แค่สมาชิกค่ะ มะวานไป379อยู่ค่ะ แต่คุ้มค่ะอร่อยเวอร์,positive,wisesight_sentiment
2623,นิสสันนาวา รุ่นใหม่ มาพร้อมกับสะดวกสบาย ปลอดภัย ครบครัน.ราคาโดนใจสุดคุ้ม,positive,wisesight_sentiment
231,วันนี้จัดไปเลยค่า5555 ขอบคุณนะคะ,positive,wisesight_sentiment
3654,ขอบคุณสำหรับข้อมูลครับพี่เอ แสดงว่าเป็นกันเยอะ แต่นิสสันยังไม่เคยเจอสักคัน สงสัยไม่ยอมเคลือบ อิอิ,positive,wisesight_sentiment
437,ท้าต่อยไปทั่ว แต่พอจำได้ลางๆ กูโดนหลายตีนอยู่นะ จากนั้นรู้ตัวอีกที ก็นอน อยู่โรงบาลละ #เลิกแดกของมึนเมา #ตอนนี้ลองกลับไปกินแปปๆเมาลิมิตกูลดโดนFullmoon2ขวดก็ไปแล้ว #เลิกกินตลอดชีวิต,negative,wisesight_sentiment
1541,แพง โฮกาเด้นแพงกว่าร้านอื่น 50บาท ถือว่าแพงมว๊ากกกกกกกกกก สำหรับเค้า 55555 แต่เมื่อคืนกิน Seeing rose แ…,negative,wisesight_sentiment
507,บ้านอันเดรียไม่มีบาบิก้อนอะ,negative,wisesight_sentiment
939,เดินทาง🚝🚌🚖 #bchilldayandnight -จากBTSช่องนนทรี -ลงมาต่อด้วยBRTลง​ B7วัดปริวาส (ออกทางวัดเลยนะคะ) ต่อด้วยแท็กซี่หรือวินก็ได้นะคะ. ไปหลายคนแนะนำแท็กซี่จะดีกว่า -บอกไปบ้านอิฐมอญ เข้าซอย จะมีลานจอดรถ. ร้านจะอยู่ชั้น2. ไปนะคะไปกันร้านบรรยากาศดีเฟ่อ. อาหารก็อร่อย👍🏼😉🎶,positive,wisesight_sentiment
137,รีวิว เหล้า jameson โคตรกาก หวานเลี่ยนไม่อร่อยอย่างแรง,negative,wisesight_sentiment
575,ก็อร่อยดีนะ มันได้ 2 อารมณ์ในอันเดียว,positive,wisesight_sentiment
886,อยากกินอ่า😳😋❄️☃️,positive,wisesight_sentiment
3247,พอๆ กันเเหละ แพงกว่านิดเดียว,negative,wisesight_sentiment
1406,ก้อนอย่าเงียบดิ แป๊บซี่ก็จืดยังใส่น้ำแข็งมาอีก ลด80%ยังเคืองเลย,negative,wisesight_sentiment
561,จัดๆ2ทุ่มบ่,positive,wisesight_sentiment
1315,ใส่นาวาร่าราคาเท่าไหร่ครับ สแตนดาดกระด้างมาก,negative,wisesight_sentiment
3411,เบยร์ช้างเคลื่องดื่มที่ผมไม่เคยเปลี่ยน เบยร์ที่ผมชอบ แค่ขวดนี้ก็เติมเต็มความอร่อยให้กับผมและเพื่อนๆได้แล้วครับ,positive,wisesight_sentiment
3560,👍👍👍👍👍👍👍👍👍👍👍👍👍👍👍👍,positive,wisesight_sentiment
3875,เอาว้อดก้ากลับมาขายด้วยได้ไหม blend285 แดกไม่มีความอร่อยเลย,negative,wisesight_sentiment
3669,ไหว้เจ้าเสร็จ กินสปายดับเครียด. นอนเลย เหมือนเอาเท้ามาพาดบ่นบ่ามคันใต้กว่าเท้า อย่าแรง,positive,wisesight_sentiment
2343,กลุ่มนี้ รีโว่ คุ้มสุดครับ กำลังดีสุด แรงม้าไม่โอเวอร์ มาเต็มตามแรงม้าจริง,positive,wisesight_sentiment
2985,บาร์บีก้อน เมกะ เปิดเพลงได้แบบ กูจะร้องไห้แบ้ส อิสาดดดดดดดดด,negative,wisesight_sentiment
3378,ร่วมลงชื่อด้วยครับ ยังไงบ้างครับ,positive,wisesight_sentiment
1288,รำคาญโฆษณากานิเย่กับไทยพาณิชในทวิต ขึ้นบ่อยเกิ้นน,negative,wisesight_sentiment
1106,เคเอฟซี บาร์บีกอน,positive,wisesight_sentiment
3854,เอาไปด้วยไง,positive,wisesight_sentiment
252,อร่อยมากๆๆๆๆ ให้ 10/1.,positive,wisesight_sentiment
1731,เอ็มเคเถอะ,positive,wisesight_sentiment
328,เมื่อวานไปกินกระเพราเป็ดมาค่ะ อร่อย 😋,positive,wisesight_sentiment
2113,อยากได้กะบะออโต้หรือรถhondajazz,positive,wisesight_sentiment
3408,กูแดกกับพี่ง้วง แปปเดียวแม่งหมดกลมเลย ไม่ใช่เหี้ยอะไรนะ แม่งไม่มีลูกแก้ว เทกีทีๆก็ลั่นไปครึ่งแก้วตลอด ยิ่งตอนเมาๆนะมึงเอ้ย ลั่นไปเกือบเต็มแก้ว // งิ้วเอง,negative,wisesight_sentiment
2923,หลายแห่งไม่รับชำระจากทรูวอลเว็ท ก็เพราะเงินเข้าช้านี่แหละ,negative,wisesight_sentiment
1439,ชอบตัวนี้มากกว่า anessa ละ,negative,wisesight_sentiment
223,Bt50pro เครื่องตัวเดียวกับฟอร์ดranger T6 มีปัญหาปั้มน้ำมันเครื่องเปราะเนื่องจากการใช้ปั้มเวน มีโอกาสพังทุกคัน ช่วงก่อนแสนโลจนถึงหลังแสนโลไปแล้ว มีวิธีแก้คือเอาปั้มแบบเกียร์มาใส่แทน,negative,wisesight_sentiment
2425,Fortuner ครับขอร้องล้ะ ตอนกลางคืนอย่าขับรถตามตูดกูเลย #แสบตาโว้ยยยยยย #รถกูมันคันน้อย #ลำแสงแห่งฟอร์จูน,negative,wisesight_sentiment
1155,อยากกินแสงโสม,positive,wisesight_sentiment
725,ใครว่าจะเลี้ยงกันแน่,positive,wisesight_sentiment
2231,Jukeมาก่อน Ch-r ออกต้นแบบ Honda Civicลอกไฟท้าย Hrvเสียบต่อทันทีครับ พี่โตมัวแต่รำมวย,negative,wisesight_sentiment
65,เพราะว่า น้องที่ทำงานใช้แล้วดีและแนะนำ จึงเอามาทดลองใช้ สรุปใช้แล้วผิวหน้าดีขึ้น โดยทาก่อนนอน และราคาไม่แพง ต่อมาเจ้าของแบรน snail white ทราบ จึงเชิญมาเป็น presenter,negative,wisesight_sentiment
2477,สาขาหาดใหญ่ไม่มี,negative,wisesight_sentiment
3757,อยากกินเหรอคร้า,positive,wisesight_sentiment
2537,แสงโสมน่ารักกว่า,positive,wisesight_sentiment
143,น่ารักจัง55,positive,wisesight_sentiment
2295,ขอเเจ้งเรื่องการจองรถหน่อยค่ะมีปัญหาเยอะมากไม่เข้าใจว่าท่าmgจัดการยังไงจองร่วงหน้าเป็นเดือนกว่าด้วยซ้ำจน เเจ้งจะเอารถวันไหน เซ็ลรับปากว่าได้เเน่นอนในเดือนที่เราต้องการได้เเน่นอนไม่มีปัญหา เเล้วก็โทรมาเเจ้งว่ารถมาถึงเเล้ว ท่าดิฉันก็เเจ้งล่วงน่าไปก่อนนานเเล้วว่าสะดวกวันที่เท่าไร พอจนถึงวันรับรถเซ็ลไม่เเจ้งไม่โทรมาบอกว่ารถไม่ได้เเล้วให้เราโทรตามเอง ไม่เเจ้งไม่ตามเรื่องอะไรให้เลย แล้ววันที่ทราบว่ารถมาถึงโทร เช็กเข้าไปที่ศูนย์mg สุวินทวงค์ ท่าผู้จัดการบอกมีการเเต่งรถของดิฉันเเล้ว ฉันเลยคิดว่ารถจะได้ตามวันเเน่นอนเเล้วพอถึงวันรับรถบอกไม่มีรถให้ ทำไมถึงการจัดการรับรถมัวขนาดนี้ค่ะ ตัวเซ็ลก็ไม่มีการสนใจตามเรื่องหรือโทรเเจ้งอะไรลูกค้าเลยต้องมีคนโทรถามเองเช็กเองทุกอย่าง,negative,wisesight_sentiment
1612,หอม wheat พี่ แต่จืด ก็คล้ายเบียร์ยูอะแหละ ขมนิดเดียว นุคาดหวังมาก สิงห์ก็ทำดีแหละ แต่นุเฉยๆนิ แล้วแต่…,negative,wisesight_sentiment
1262,ที่เจอมาคือสาขาบิ๊กซีแจ้งวัฒนะครับ,negative,wisesight_sentiment
1207,จนไม่มีตังล่ะ ขอบายก่อนเลย,negative,wisesight_sentiment
1208,คงใกล้จบแล้วแน่ๆ,negative,wisesight_sentiment
1907,5555 กินอย่างอื่นฟ่า รอบหน้า,negative,wisesight_sentiment
3352,หลังจากที่เราดูหนัง netflix original มาสักพัก เราคิดตรงกันกับเพื่อนว่า หนังมันแบบเปิดมาน่าสนใจมาก แต่จะตายตอนจบตลอด ที่ดูๆ มานี่ไม่มีเรื่องไหนจบได้ประทับใจเราสักเรื่อง จบแบบ 5 บาท 10 บาท เดาได้หมดเลย เพื่อนถึงกับให้คำนิยามว่าจบแบบ netfilx อะจะเอาอะไรมาก,negative,wisesight_sentiment
2525,รอบะหมี่หยกอยู่นะครับ ของฟรีมีจริงหรือเปล่า,positive,wisesight_sentiment
1571,Mazda ออกแบบเลียนแบบ Maserati,negative,wisesight_sentiment
1604,ไปพรุ่งนี้ไหม🤔,positive,wisesight_sentiment
1163,น้ำหนักไม่ลงไม่ต้องกิน5555,negative,wisesight_sentiment
3324,น่าจับ Revo เอามาทำแข่งกับ rapter บ้าง หน้าตามันก็โหดพอได้,positive,wisesight_sentiment
512,รายปีถูกแน่นอน รีโว่ยังต้องจ่ายแพงกว่า,negative,wisesight_sentiment
1302,อยากกิงงงงงง,positive,wisesight_sentiment
1444,ใช่เลย ไม่ออกมาสู้ เราก็อยู่ใต้ดิน,positive,wisesight_sentiment
2866,ทำไมก้อนไม่จริงใจ ก้อนไม่มีพยาธิแต่ก้อนมีฝีหนอง ทำไมไม่บอกให้หมด,negative,wisesight_sentiment
129,หน้าร้อนนี้จะไปเที่ยวท้าแดดที่พัทยาค่ะ ผ่อนคลายไปกับกลิ่นอายทะเล สนุกกับคลื่นลม และแสงแดดแรงๆ ทั้งแดดทั้งลมทั้งอากาศร้อนขนาดนี้ เป็นตัวพิสูจน์ประสิทธิภาพของกันแดดได้อย่างดีเลยค่ะ จะรอดจะพัง จะเบิร์นจะไหม้ แสบแดงนี่ขึ้นอยู่กับกันแดดที่เลือกใช้จริงๆ ถ้าได้กันแดดจาก Mizumi มาเป็นตัวช่วย ก็สนุกลืมความกังวลเรื่องผิวเสียไปเลยค่า ~ 🏝🏖🏄🏼‍♀️,positive,wisesight_sentiment
3213,ดีนะกูไม่ชอบบาบีก้อน รอด,negative,wisesight_sentiment
3516,ผมไปกินมาเมื่อวันเสาร์กับเมืีอวานวันจันทร์.....เป็ดพะโล้ผัดต้นหอมญี่ปุ่น...อร่อย...แต่มีแต่กระดูกกับตูดเป็ดเยอะมากๆๆ....สาขาเซ็นทรัลพระราม2ครับ,negative,wisesight_sentiment
152,ไปกินอย่างอื่นแทน,negative,wisesight_sentiment
2743,ไปป่าว อิอิ,positive,wisesight_sentiment
3958,โซฟีค่ะ จะเหนียวกว่าลอรีเอ๊ะ นิสนึง,negative,wisesight_sentiment
3860,ที่จริงเบียร์สิงห์ก็อร่อยนะ. ชิมก่อนได้ครับ,positive,wisesight_sentiment
2334,เล้งแซ่บยักษ์ ไซส์ XL รสชาติแซ่บถูกปาก น้ำซุปเปรี้ยวเผ็ดเค็มพอดี หอมพริกมะนาว ซดน้ำเพลินมาก กระดูกหมูเปื่อยนุ่ม เลาะเนื้อออกจากกระดูกได้ง่ายดาย,positive,wisesight_sentiment
3889,กู ไม่ กิน ช้าง,negative,wisesight_sentiment
2610,บ้านเราอยู่ในกะลาต่อไป,negative,wisesight_sentiment
1227,ในฐานะพระสาววาย อาตมาจะชิพคุณพ่อธนาธรกับ อ.ปิยบุตรได้มั้ยคะ อร๊ายยย 😆 #ฟ้ารักพ่อ #พ่อก็รักฟ้า #อนาคตใหม่ #เลือกตั้ง62,positive,wisesight_sentiment
744,อยากให้ลองใช้ BrowArtistXpert สี 106 สีน้ำตาลเทาค่ะ เพราะในอาชัพแบบเราแล้ว ไม่สามารถทำผมสีๆได้ ผมสีเทาเหมาะกับ 106 ไม่ดำเกินไป ไม่แข็งเกินไป ไม่อยากให้เป็นผู้หญิงโนคิ้วเดินออกนอกบ้าน BrowArtistXpert ในรูปแบบดินสอเขียนง่าย ลื่น พกพาสะดวก หัวแปรงก็นุ่ม เหมาะกับมือใหม่อยากมีคิ้วมากค่ะ #YourPerfectBrowColor #ParisianChic #LOrealParisTH #BrowArtistXpert,positive,wisesight_sentiment
2564,มีความ Toyota Crown ไปทำศัลย์ที่เกาหลี โดยรวมข้างนอกสวยมากกก ( ยกเว้นกระจังหน้า ) แต่ข้างในขอทำใจแปร๊บ,positive,wisesight_sentiment
2901,ทางฟอร์ดรับทราบข้อกังวลในการใช้งานระบบแอร์ในรถฟอร์ด เรนเจอร์แล้ว และกำลังประสานงานอย่างใกล้ชิดกับส่วนงานที่เกี่ยวข้อง หากมีข้อมูลใดเพิ่มเติมจะแจ้งให้ทราบโดยเร็วครับ,negative,wisesight_sentiment
3163,อีโกคาร์ นิสสัน โน๊ต รุ่นนี้ราคาดี โปรนี้น่าสนอยากได้ ต้องไปทดลองขับ ผ่อนแค่ 4150.-,positive,wisesight_sentiment
3000,มีติงอยู่แค่เรื่องเดียวคือพนักงานทุกคนพูดไม่ค่อยโอเคเลย เหมือนมาขอนอนฟรี,negative,wisesight_sentiment
3619,ที่บาบีก้อนไม่มีบุฟเฟต์,negative,wisesight_sentiment
1319,รีวิว มาสคาร่า เมลินดา รุ่นแมกซี่ เคิร์ล นางกันน้ำได้จริง ให้คะแนน7/10 หักตรงที่ตัวเนื้อมันมากองอยุ่ที่แปรงปัดเยอะ…,negative,wisesight_sentiment
1231,แล้วบอสจะไม่กินแล้วหรอ5555,negative,wisesight_sentiment
91,เจ๊ เอาลีโอขวดนึง นานแล้วที่ไม่ได้กิน 😂,positive,wisesight_sentiment
2629,เด่วนี้แดกสปาย3ขวดก็เมาละ #rip,negative,wisesight_sentiment
3254,ตอนนี้ก็มีแต่พวกเหี้ยๆ คนรวยๆ คนแก่ๆ เต็มเลย,negative,wisesight_sentiment
2761,Pajero กับ Fortuner ตัวใหม่บางรุ่น อยากให้ปรับระดับไฟตาลงมาหน่อย นี่ไฟต่ำยังสว่างแสบตาขนาดนี้ ฝากถึงพวกคนที่ขับรุ่นนี้ด้วยครับ,negative,wisesight_sentiment
3499,วันนี้ไปทาน mk มา ตั้งใจไปทานเพราะอยากได้รูป เพราะได้มาทุกๆ ปี แต่เสียใจไม่เห็นพนักงานมาถ่ายรูปให้เลยค่ะ 😓😓😓,negative,wisesight_sentiment
2140,แต่รีวิวก็เชื่อไม่ได้ร้อยเปอร์หรอกต้องลองเอง นี่แพ้อินนิสฟรีเซ็ตชาเขียวทั้งตระกูลไม่ใช่แต่ตัวเซรั่ม ขนาดแบรนด์เคลม…,negative,wisesight_sentiment
149,Ford ห่วย fiesta ต้องขายทิ้ง ยอมแล้ว อยากเสี่ยงก็จัดไป,negative,wisesight_sentiment
219,เมนูเหล้าปั่น jack daniel honey ผสมไอติมวนิลาครับ ดูดลื่นนุ่มคอหอมหวาน เมาแบบไม่รู้เรื่องกันเลยทีเดียว 5555,positive,wisesight_sentiment
1018,วันนี้ฉีดสารเพิ่มการเจริญเติบโต ทดแล้ง ยืดลำต้นให้อ้อยของ ผจก มนัส ในโรงงานเบียร์ช้างกำแพงเพชร Cr.เอสบีวัน แอนด์ ซีนส์โบ,negative,wisesight_sentiment
1189,กระแสเพื่อไทยมาแรงมากแม้กระทั่งในภาคใต้ ตั้งแต่ชูนายกชัชชาติ,positive,wisesight_sentiment
3368,แต่ผมชอบกินช้างนะ เพราะลีโอมันออกเปรี้ยวๆ,negative,wisesight_sentiment
3914,ขวดแข็ง บางทีผมกรอกกินหลายรอบครับ ผมมันเลว ไม่รักษาสิ่งแวดล้อม ฝากด่า มิเนเร่ คริสตัส สิงห์ เนสเล่ด้วยนะ ทุกยี่ห้อ,negative,wisesight_sentiment
3932,ไทยแม้งหัวโบราณ,negative,wisesight_sentiment
2826,Jack Daniel's Old No7 สำหรับนักรบรุ่นเก๋าทั้ง๑๐ ที่จะมามอบ trance energy ให้กับเรา Trance+Jack Daniel's จะทำให้ร่างกายเราลุกเป็นไฟ 🔥🔥,positive,wisesight_sentiment
817,ใช้มิตซูบิชิอยู่ 2 คันคือปาเจโร่สปอร์ตโฉมใหม่ และ แอททราจชอบทั้งคู่ใช้งานได้ดีจริงๆ,positive,wisesight_sentiment
963,civic ผมมาแค่ 60 ขับผ่านครั้งแรก ไม่รู้ มองไม่เห็น เจอลอนถนนตอหม้อ ตอนทางเบี่ยงพอดี ท้ายยังมีอาการสะบัดนิดๆเลย ไม่ต้องพูดถึง ในข่าวเวลาตี 2 น่าจะมี 100+ ทำถนนพังเสียหายแบบนี้จริงๆควร ทาเส้นขวางถนนให้เป็นเขตชะรอความเร็ว บางคนไม่รู้ ก็ซัดมาเต็มที่เห็นถนนโล่ง,negative,wisesight_sentiment
2720,ใช้ดี ค่ะ ชอบมาก ใส่แล้วรู้สึกเย็นสบายไม่อับชื้น ค่ะ หลงรัก #SofyCoolingFresh เข้าแล้วค่ะ,positive,wisesight_sentiment
3350,ให้มันทั่วถึงหน่อยครับ ผมอยู่ศรีสะเกษ ไม่เคยเห็นร่วมกับเขาสักที,negative,wisesight_sentiment
3717,เป็นเรื่องของภาพลักษณ์รถยี่ห้อ และรุ่นนั้นครับ แต่เดิมโตโยต้าไม่ได้มีปัญหาอะไร แต่ยี่ห้ออื่นมีเรื่องแบบนี้อยู่ (เราถึงไม่เห็นบางยี่ห้อที่เอามาทำแท็กซี่เลย) อัลติสตอนออกใหม่ รถที่จะถูกเอาไปทำแท็กซี่ยังใช้ชื่อ Limo เลย ไม่ได้แปะป้ายอัสติสที่ตัวรถ,negative,wisesight_sentiment
3184,บอกสัมว่าสุกแล้วกินได้,positive,wisesight_sentiment
410,เดินหาหมูจุ่มมาตั้งแต่เพลาชาย... MK แก้ขัดไปก่อนละกันนะออเจ้า 😁😋💕,positive,wisesight_sentiment
1878,จัดป่าว 379 เอง จ่าย 3 ด้วยย จัดๆๆๆๆ นานๆแจกัน เดือนนนี้เลย,positive,wisesight_sentiment
1839,เออ แต่ยังดีที่หลังไปกินอากะแล้วห่างบาบิก้อน ไม่งั้นช้ำใจกว่านี้ 5555,negative,wisesight_sentiment
3251,กรี้ดดดดดดดดดด ซวยละ เห็นคนแคปบาร์บีกอนมาอะ พยาธิ ตรูจะกล้ากินอีกไหมอะ ตายๆๆๆๆๆๆๆ เพิ่งไปศุกร์ที่แล้วด้วยอะ จะเป็นไรไหม ช่างมันผ่านมาละ,negative,wisesight_sentiment
2643,พาไปหน่อยน้าา,positive,wisesight_sentiment
917,นึกว่าย้าย เสียดายเลยจะกินที่ไหนล่ะทีนี้,negative,wisesight_sentiment
878,เมื่อกี้ไปซื้อเบียร์ร้านขายส่งแถวตลาด เบียร์ขึ้นราคาแล้วอะ ปกติซื้อช้างใหญ่ขวดละ49 ตอนนี้ 52 แล้วอะ แง่งงงงง,negative,wisesight_sentiment
118,ใหม่ล่าสุด!! MK ชีสซี้ดแซ่บ!! ฟินกับชีส ซี้ดกับต้มยำ จัดเต็มกับซุปต้มยำเผ็ดซี้ดถึงเครื่องและมอสซาเรลลาชีส ความอร่อยนี้ห้ามพลาด! ตั้งแต่วันนี้ – 31 ม.ค. 61 ที่ MK Restaurant ชั้น 3 เซ็นทรัลพลาซา ชลบุรีนะคะ มีความอร่อยให้เลือก 2 ชุดนะคะ > ชุดชีสแซ่บ หมูคุโรบูตะ เพียง 499 บาท และ > ชุดชีสแซ่บ ซีฟู้ด สดๆ เพียง 599 บาท #MKชีสซี้ดแซ่บ #Mkrestaurants #เห็นแล้วหิว 🤤🤤🤤 #CentralPlazaChonburi =================== IG : centralplaza_chonburi,positive,wisesight_sentiment
657,สงสัยเบียร์ช้างเป็นเหตุ กินแล้วภาคภูมิใจ กูได้เป็นนักมวย,negative,wisesight_sentiment
3192,ศูนย์บริการเยอะเยอะนะ เหมือน ฮุนได จะได้จัดสักคัน ขอบคุณครับ,positive,wisesight_sentiment
2918,บลัชออนน้ำของอินนิสฟรีนี้มาแพคเกจเดียวกับยาทาเล็บของเนเจอร์เลยอ่ะ แง้ กลัวเบลอๆรีบๆแล้วหยิบใช้ผิด,negative,wisesight_sentiment
911,ขอกราบตรงหัวใจผู้บริหารโตโยต้าทุกๆท่านด้วยความเต็มใจที่เห็นคุณค่าของคนไทยที่ทำชื่อเสียงให้กับประเทศชาติ,positive,wisesight_sentiment
2817,ตอบดี กินต่อก็ได้😁,positive,wisesight_sentiment
2966,ดูน่าสนุกดี แต่ก็ไม่กินไฮเนเก้น55,negative,wisesight_sentiment
3329,ดีนะกินข้าวเสดแล้วถึงเหนรูปบาบีคิวพลาซ่า อห จะอ้วก ขนลุกทั้งตัว,negative,wisesight_sentiment
3340,บุหรี่ไฟฟ้านะโว้ยไม่ใช่ยาบ้าไอ้สัส,negative,wisesight_sentiment
58,สเมอนอฟ สีน่ากิน55,positive,wisesight_sentiment
3424,จับเวลารึป่าวคะ,positive,wisesight_sentiment
788,เอ้าาาา Issariya Homudom สปาย ที่แปลว่าเหล้า กินแร้วไม่เมา แต่เพลีย,negative,wisesight_sentiment
3381,แดดประเทศคือแบบโดนนิดเดียวสีผิวกลายเป็นทูโทนเลย โดนมากๆหน้าเป็นฝ้า หน้าไหม้หน้าคล้ำ หมดสวยเราจึงต้องหากันแดดที่ดี เหตุผลที่อยากได้kiehl's Daily UV Defense เพราะมีสารกรองรังสียูวีเอ ยูวีบีและเทคโนโลยีต้านมลภาวะ ป้องกันความร่วงโรยก่อนวัย ร่วมถึงจุดด่างดำ และความหมองคล้ำ และยังซึบซับไว ไม่ทิ้งคราบ ไม่ให้ลองได้ไงแบบนี้ 😍😍,positive,wisesight_sentiment
2094,บุหรี่ไฟฟ้า จับนะเทอ,negative,wisesight_sentiment
2485,เออ นึกถึงกูแล้วจะชิบหายกันถ้วนหน้า🤣🤣🤣,negative,wisesight_sentiment
3406,วันนี้27/01/61ประมาณ10:46น.ที่MKสาขาโลตัสสิงห์บุรี ยืนรอหน้าร้านนานมากไม่เห็นมีพนักงานมาต้อนรับลูกค้าเลยทั้งๆที่พนักงานก็มีกันหลายคน สุดท้ายก็ไม่ได้กินเพราะมีความอดทนรอได้ไม่นาน เซ็ง!!!,negative,wisesight_sentiment
610,ไม่มีรสชาติอะไรเลย เสียใจ,negative,wisesight_sentiment
2497,อยากกินเนื้อสไลด์​,positive,wisesight_sentiment
1253,พาเก๊าไปจัดหน่อยยยยยยยย,positive,wisesight_sentiment
2413,โฮกาเดนคนเดียวสี่ อิเหี้ยยยยยยยยย,negative,wisesight_sentiment
3822,เออ เนี่ยรอสายอยู่ นานชิบหาย ของบัวหลวง รอสายนานมากค่ะ ปรับปรุงด้วยนะคะถ้าเห็น,negative,wisesight_sentiment
1108,รู้ว่าคูชั้น ysl ไม่คุมมันก็ยังทามาวันที่อากาศโคตรร้อนแบบนี้หนอ,negative,wisesight_sentiment
2997,สวัสดีครับพี่...เมื่อคืนพี่มาโคราชอดไปสวัสดีเลยครับ...ชนไฮเนเก้นสักลังอิอิ,positive,wisesight_sentiment
2206,อยู่ดีดีก็เรียกทุกสิ่งอย่างว่าน้องไปหมด ไม่ว่าจะสัตว์สิ่งของหรือแม้แต่อาหาร วันก่อนนู้นไปกินบาบีกอนกับเพื่อน คีบหมูแล้วหล่นลงช่องซุป ก็อุทานว่าน้องจมน้ำ เพื่อนตกใจหันมาถามน้องไหน นี่บอกน้องหมู มานึก ๆ ก็แบบ ถ้ากูเป็นเพื่อนได้โดนโบกสักทีอะ 55555555 วงวารเพื่อน,negative,wisesight_sentiment
1058,ขอบคุณของรางวัลมากนะคะ,positive,wisesight_sentiment
3981,คิดไม่ผิด..ที่เลือก..รีโว่,positive,wisesight_sentiment
938,รายละเอียดมิว7ปีไหน เกียร์อะไร ผ่อนดาวน์เท่าไร ถ้ามีรายอะเอียดดูแล้วสนใจผมจะติดต่อกลับขอบคุณ,positive,wisesight_sentiment
2777,ราชบุรีไม่มีชื่อในสาขาร่วมโปรนี้ ...,negative,wisesight_sentiment
1678,ปีนี้มีบูทแสงโสมป่าวพี่วัว,positive,wisesight_sentiment
401,เตือนภัยๆๆๆ ตอนนี้กำลังสะพรึงกันมากที่เกาหลีเรื่องผ้าอนามัยยี่ห้อดังที่คนใช้กันเยอะมากเพราะชอบ1+1 กำลังโดนแหกว่ามีผลข้างเคียงกับน้อง อีเว้งง,negative,wisesight_sentiment
1665,ใช้รถนิสสันยุค่ะชื้อมานานแล้วไม่เคยมีปัญหารถเขาดีจริงค่ะ,positive,wisesight_sentiment
416,เอาให้ว่าวตรงกันก่อนเถอะ,positive,wisesight_sentiment
3195,อยากกินหลาว,positive,wisesight_sentiment
3732,พูดจริงพูดเล่นอะ เบียร์ช้างขวดเป็นร้อย เหี้ยเถอะ,negative,wisesight_sentiment
2187,ถ้าไปกินก็ได้มา,positive,wisesight_sentiment
2366,วันไหนก็ดี,positive,wisesight_sentiment
337,สู้ๆๆๆๆๆๆๆๆ,positive,wisesight_sentiment
2184,เด่วนะ family mart ขาย เบียร์ ช้าง ทำไมไม่เดือดกัน #โลกสวยไปอีก #คนไทย ชอบมองว่าสิ่งนั้นไม่ดีไม่งาม #แต่ใจสกปรก,negative,wisesight_sentiment
1625,พาไปกินหน่อย หิวจัง,positive,wisesight_sentiment
589,กรี้ดดดดด ชอบตรงกาวแน่น5555555 ปกติใช้โซฟีตีกับกาวม่างงงงทุกเดือน,negative,wisesight_sentiment
3260,ราคาอิงจากบริษัทโดยตรง เบียร์ช้างเฉลี่ยขวดละ 118 บาท เบียร์ลีโอเฉลี่ยขวดละ 111 บาท #แพงชิบหาย 😭😭😭😭😭 ต้มเหล้ากินเองละกาน,negative,wisesight_sentiment
694,จะกินชุดนี้,positive,wisesight_sentiment
2687,ขอร้านเหล้า ปีนี้หงุดหงิดเบียร์ช้างมาก,negative,wisesight_sentiment
3370,เห็นรีวิวโรลออนอีฟโรเช่อแล้วนึกถึงสมัยกุใช้ออเรนทอล แม่งหอมเหี้ยๆอะ แบบหอมทั้งวัน ชอบมาก แต่แม่ง่ติดตรงมันเหนอะ รัก…,negative,wisesight_sentiment
2290,เค้าบอกไก่เค้มไป,negative,wisesight_sentiment
1267,ไม่น่าอิ่ม,negative,wisesight_sentiment
2454,#ลอรีเอะเฟรชคอนโทรล #30 cmซื้อง่ายที่เซ่เว่นค่ะ #ล็อคกลิ่นมั่นใจไม่อับชื้น #นี่สิคอนโทรลได้ทั้งคืน,positive,wisesight_sentiment
1560,กำลังเปลี่ยนรถมาใช้ revo 2.4 ครับแต่กลัวอัตราเร่งไม่ดีส่วนตัวใช้ vigo 3.0 อยู่ครับ,negative,wisesight_sentiment
52,กะคือนั่งฟังเซลส์mgเม้าลูกค้าในขณะที่พ่อกูก็กำลังจะจองรถmg,negative,wisesight_sentiment
3057,เปลี่ยนบัตรโดยไม่บอก,negative,wisesight_sentiment
750,เคยใช้เหรอครับ เดิมๆผมก็ว่ามันก็แรงใช้ได้ ขนาดตัวเก่าเทียบกับวีโก้หรือดีแม็กผมก็ว่าแรงกว่าเห็นๆ,negative,wisesight_sentiment
985,นิสสันนาวารา มาพร้อมกับนวัตกรรมใหม่ กล้องมองรอบทุกทิศทาง เพิ่มความปลอดภัยในการขับขี่ น่าสนใจมากๆค่ะ,positive,wisesight_sentiment
3148,แรงงานไทย จริงๆ มีการดูถูกแรงงานเพื่อนบ้านเยอะและรุนแรงไม่เบานะ แค่แม่บ้านที่คอนโดใหม่นี้ เอะอะอะไรก็บอก ให้พวกพม่ามายก ให้พม่ามาทำ,negative,wisesight_sentiment
1144,อีดอกกูเกลียดแสงโสมมาก เหม็น ผู้มีอุปการะคุณของมึงคือเพื่อนสุดๆ 555555555,negative,wisesight_sentiment
317,ชอบแสนสิริมากกก,positive,wisesight_sentiment
1813,Wet n wild mega last lip color สีชัดมากก เนื้อดี ทาง่าย ไม่ตกร่อง แต่แพ็กเกจมจะก๊องแก๊งหน่อย 139 บาท สี Coral-ine เ…,negative,wisesight_sentiment
3865,แพ้ผ้าอนามัยไปอีก #โอ๊ยชีวิต,negative,wisesight_sentiment
1364,smirnoff นี่แม่งกระทิงแดงสัสๆๆๆ,negative,wisesight_sentiment
2053,กูเห็นละ อยากกิน,positive,wisesight_sentiment
3327,เค้ายุเซนนิ55,positive,wisesight_sentiment
3673,กุยอมจ่ายเต็ม555,negative,wisesight_sentiment
2693,แม้งพากุ อ้วกตลอด,negative,wisesight_sentiment
3454,ถึงจะร็อดม่มากแค่ก้ออยากปัยร่วมสนุกความมันส์กับเบียร์ช้างแบบมันส์ๆฟินนอีกครั้ง,positive,wisesight_sentiment
2975,โรงแรมอยู่ข้างจากถนนประมาณ 200 เมตร สามารถเดินออกมาได้ในตอนกลางคืน ไม่ได้เปลี่ยวมาก คนผ่านตลอด,positive,wisesight_sentiment
3018,ชุดนี้แหละค่ะ แต่ที่กำแพงเพชรให้จับสลากเลือกชุดฟรี,negative,wisesight_sentiment
3118,นึกถึงรถเธอเลย ดีนะที่ตอนนั้นเราเชื่อแม่ vios อ่ะ,positive,wisesight_sentiment
126,ควยหมดเขตยามไหนกูไม่ชอบแบบต้ม,negative,wisesight_sentiment
3157,สงสารพี่ฟลุคอะ กำลังจะถูกดำเนินคดี หมิ่นเจ้าพนักงาน คือถ้าเรารู้สึกว่าถูกเจ้าหน้าที่ใช้ความรุนแรงเกินกว่าเหตุในการจับกุม นี่เราพูดอะไรไม่ได้เลยเหรอ คือเอาจริง ไอ้บุหรี่ไฟฟ้านี่แม้กระทั่งควีนเองยังงง ทนายคนนึงบอกผิด อีกคนไม่ผิด มันเป็นความสับสนในสังคม แต่ที่แน่ๆ มันไม่ใช่คดีร้ายแรงถึงขนาดนั้น ไปๆมาๆ จากบุหรี่ไฟฟ้า ไปถึงนายกเลย ควีนว่าเกินไปมากๆๆๆๆ แน่นอน บ้านเราบุหรี่ไฟฟ้ายังผิดกฎหมาย แต่มันเป็นกฎหมายที่คนค่อนประเทศต่อต้าน บวกลบคูณหาร มันควรถูกกฎหมายนะ บอกเลยฝรั่งเค้าระอาไอ้กฎหมายบ้าๆนี่มาก และหลายคนเค้าเลือกที่จะไม่เดินทางมาเที่ยวไทย เพราะไม่สามารถพกบุหรี่ไฟฟ้ามาได้ค่ะ เดี๋ยวจะลองถามนางดูว่ามีทนายไหม ถ้ามีทนายท่านใดอยากช่วยฟลุคแจ้งได้นะ สงสารอะ,negative,wisesight_sentiment
2738,มาเลยพุงแตกต๊บ,positive,wisesight_sentiment
3781,เช้าแล้วกินเยอะได้,positive,wisesight_sentiment
204,นี่ลังเลว่าจะไปซื้อลิปสีน้ำเงินที่เซโฟร่าอยู่ แต่แบบ 55555555555 ทาครั้งเดียวเลิกที่แท้จิง,negative,wisesight_sentiment
1215,ไปโดนๆ เนื้อสดและนุ่มมาก ฟันเฟิมมม,positive,wisesight_sentiment
912,ก้อนและน้องๆพนักงานยินดีให้บริการคร้าบ <3,positive,wisesight_sentiment
2872,อยากกินจุงเพื่อนจ้าพาไปหน่อย,positive,wisesight_sentiment
3613,นิสสัน รถแห่งครอบครัว ภายในกว้างขวาง มีหน้าจอที่แสดงสถานะต่างๆๆขณะขับขี่ ขัดเจน ขับขี่ปลอดภัย,positive,wisesight_sentiment
2399,แล้วที่คุณบอกว่า #ทำเพื่อผลประโยชน์ของตัวเองที่จะตามมาภายหลัง ถ้ามีคนแบบนี้เยอะๆมันจะเป็นอย่างไร ยกตัวอย่าง เบียร์ช้าง เบียร์สิงห์ ทุกธุรกิจอีกมายมาย มีการบริจาค เพื่อสร้างภาพลักษณ์ ทำดีเพื่อหวังผลนั้นแหละ #คุณบอกผมหน่อย มีคนพวกนี้เยอะๆ มันไม่ดียังไง,negative,wisesight_sentiment
1290,ส่งให้เรียบร้อยครับ ไม่พอใจจริงๆครับครั้งนี้ พนักงานชุดนี้แย่จริงๆ,negative,wisesight_sentiment
2805,ไม่ใช่พยาธินะคะ แต่เป็นฝี 😨😨😨,negative,wisesight_sentiment
3857,มาดามฮักเส้น ก๋วยเตี๋ยวต้มยำเมืองแพร่ พาไปเลี้ยงหน่อย,positive,wisesight_sentiment
1797,เบียร์ช้างนายทุนพรรคอะไรล่ะ555,negative,wisesight_sentiment
1156,บาคาดี้ยังหลอนปากกูอยู่ ไอ้เหี้ย ขมขื่นจริงๆ,negative,wisesight_sentiment
1277,สาขาชัยภูมิน่าจะเข้าร่วมบ้างนะ,negative,wisesight_sentiment
2876,กุเกลียดสกินฟู้ด อีสัด!!!!,negative,wisesight_sentiment
347,ออข้าไม่ได้ใจร้ายออข้าไม่มีเงิน,negative,wisesight_sentiment
2516,กินกะที่บ้านแล้วตื่นมาแฮงค์อ่ะเข็ดเลย ละเป็นเวลากินกะที่บ้านทุกครั้ง กินกับเพื่อน(ตอนจบม6ก็ไม่เป็นไร) กินแต่บาคาดี้ฟูมูล เหล้าเบียร์ไม่อร่อย,negative,wisesight_sentiment
132,เนื้อที่ติดเชื้อ... เอื่บ,negative,wisesight_sentiment
232,เห็นหมูกระทะ หรือบาบีก้อนแล้วจะอ้วกอ่เ แม่งหายเสี้ยนไปหลายเดือนแน่ๆ,negative,wisesight_sentiment
3008,MG ไม่เคยทำให้ผิดหวัง ดีไซน์รถหรูสวย,negative,wisesight_sentiment
1161,เรื่องสีรถมาสด้าสองตัวเครื่องดีเซลที่มีปัญหามาจากโรงงานที่คุยกันไว้ จนป่านนี้แล้วยังไม่เห็นมีใครติดต่อผมมาเลยคับแอด,negative,wisesight_sentiment
2713,คือต้องงงมั้ยให้ผู้ชายมาขายผ้าอนามัยเนี่ยไม่เข้าใจมากๆ 55555555555,negative,wisesight_sentiment
2934,จะกินแบบนี้ๆๆๆ,positive,wisesight_sentiment
1025,ว้าว.เสี่ยจะกินเป็ด MK,positive,wisesight_sentiment
3252,Happy birthday 6ขวบครับ เมียบอกให้มาเล่น ถ้าไม่ได้เมียบอกไม่ต้องเข้าบ้านครับ 1.แป้ง 2.น้ำยาถูพื้น 3.แป้ง 4.แก้วน้ำ 5.ลิปสติกKMA #SAHA559 #SAHA999,positive,wisesight_sentiment
834,มาเหอะ แสงโสมกับเบียร์ช้างอย่างตีไอเหี้ย55555,negative,wisesight_sentiment
854,ชอบ Honda Jazz เพราะขนาดกะทัดรัด ขับขี่ง่าย จอดรถได้สะดวก ประหยัดน้ำมัน #ฮอนด้าที่รัก #EnjoyHondaThailand,positive,wisesight_sentiment
2654,เอาผิด บริษัท เบียร์สิงห์ด้วยที่เป็นเจ้าของ เบียร์ลีโอ ฐานสนับสนุน เซว่น ยินยอมให้เอาเบียร์สด ที่เป็นสินค้าของบริษัทมาวางขายในเซ่เว่น ..ต้องสอบให้ชัดเจนด้วย ระหว่างเซเว่น กับบริษัทเบียร์สิงห์ ใครเป็นคนเสนอขายเบียร์สดในร้านสะดวกซื้อ...อย่าปล่อยให้พวกอีแอบทำตัวเป็นคนคุณธรรม แต่แอบค้าขายผิดจริยธรรม ศีลธรรม,negative,wisesight_sentiment
2213,จะเรียกว่าถูกหวยป่าวคะ😄 แต่คุณมีน้ำใจมากค่ะชี้แจง แบบเรียบๆ แบบเข้าใจทางร้าน,positive,wisesight_sentiment
2874,"- เรือดำน้ำ 2,600 ตัน - รถถัง 52ตัน × 14คัน = 728 ตัน - ข้าวเหนียวมะม่วงเหลือทิ้ง 4.5ตัน #หนักแผ่นดิน",negative,wisesight_sentiment
3445,รีวิวการกินบาบีก้อนคนเดียว เจอแมลงสาบ,negative,wisesight_sentiment
468,ในขนาดที่เพื่อนๆรอบตัวนี่กินเหล้า เบียร์ เข้าผับได้แล้ว อีนี่ยังไม่เคยแตะสปายเลยอ่ะ555555555555556,negative,wisesight_sentiment
2843,555แต่ดูคอมเม้นแล้วไม่น่าไปกินเลย,negative,wisesight_sentiment
3657,ขายสินค้าที่เป็นไปได้สิคะ....ใช้สมองเยอะๆ ....แต่ผ้าอนามัยใช้เย็นดีจริงคร่า555,positive,wisesight_sentiment
2356,Ford Fiesta ฟอร์ด เฟียสต้า ประตูชอบปิดไม่ได้,negative,wisesight_sentiment
1437,เด่วไปกันชวนเกมส์กับอ๋อมด้วยนะ,positive,wisesight_sentiment
871,ตอนแรกอยากได้ jazz ไปๆมาๆ แม่บอก พ่อขับไม่มรถมันเล็ก เอาคันที่ขับได้ทั้งครอบครัว จบที่ civic จ้า งงๆไปอีก,negative,wisesight_sentiment
2967,ข้างซองบุหรี่เขียนยาดองศพตัวเท่าควาย เสือกขายได้เต็มที่,negative,wisesight_sentiment
2385,ถ้ารสชาติแบบสเมอนอฟกูจะปาทิ้งง,negative,wisesight_sentiment
1606,ชอบประโยคในสปาเบียร์มากๆ “มึงรู้ว่ากูรักมึง เลยจะทำอะไรก็ได้หรอ”เป็นประโยคที่เหมือนกับคำคมที่ว่า “คนเรามักจะยอมคนที่ใช่และหลอกใช่คนที่มาชอบ” ความรักเป็นสิ่งที่ไม่ควรล้อเล่นคนรู้สึกมันเจ็บจริงๆ #friendzoneระวังสิ้นสุดทางเพื่อน,negative,wisesight_sentiment
2932,เล่มนี้ดี ไม่ใช่หนังสือแนะนำท่องเที่ยวหรือเล่าแรงบันดาลใจผู้เขียน แต่เขียนเล่าปวศ.เน้นช่วงยุคสงครามโลกระหว่างครั้งที่ 2 ตามสถานที่ที่ผู้เขียนไปเยือน พร้อมฝากอะไรไว้ให้คิด (ส่วนตัวชอบบทที่เล่าเรื่องปุชกัช พอรู้ลึกลงไปแล้วเข้าใจเลยว่าทำไมนักฟุตบอลคนนี้ถึงเป็นวีรบุรุษ จบได้เท่มาก),positive,wisesight_sentiment
862,ยาริสเอทีฟสภาพดีๆถูกสุดเท่าไหร่คับ,positive,wisesight_sentiment
3456,สมัคร Netflix ก็เพราะเรื่องนี้ล่ะ #MemorieOfTheAlhambra,positive,wisesight_sentiment
3872,ไผกินเบียช้างก็ระวังกันแนเด้อเดี่ยวสิถืกจับ งึดหลาย,negative,wisesight_sentiment
674,ราคานาทีทองNissan Teana 200xl ปี2011,positive,wisesight_sentiment
2562,เทอเค้าอ้วงแย้ว😂,positive,wisesight_sentiment
1137,อยู่ในจุดที่น้ำเปล่าที่บ้านไม่เย็น เลยกินฟูลมูนแทนนน้ำเปล่าอีควยเอ้ย,negative,wisesight_sentiment
3120,หมอ ออกมาพูดก็แค่โดน คนที่ใหญ่กว่าหมอสั่งมา แต่หมอลืมจรรยาบรร ที่จะช่วยคนที่ป่วยแบบนี้ ไม่ดีนะสาสสสสสสสส......เหียยยยยยยยจริง,negative,wisesight_sentiment
621,แพ้อินนิสฟรีชาเขียวระเบิดระเบ้อ ดีนะที่ของแถมดี เท่ากับซื้อโปสลูกในราคา 850เนาะ ไสยๆ,negative,wisesight_sentiment
1370,โซฟีใช้แล้วคัน,negative,wisesight_sentiment
2988,เปิดตัวเจ้าก๊อตซิล่า Nissan GT-R Premium Edition Thailand (R35) 2018 ในไทยพร้อมค่าตัว 13.5 ล้านบาท Nissan ประเทศไทย ตัดสินใจเปิดตัว Nissan GT-R (R35) อย่างเป็นทางการหรือเจ้าก๊อตซิล่า พร้อมจำหน่ายในประเทศไทย คุ้มค่าสำหรับการรอคอยโฉมใหม่มาอย่างยาวนาน เคาะราคาแล้ว 13.5 ล้านบาท ในงานบางกอก อินเตอร์เนชั่นแนล มอเตอร์โชว์ ครั้งที่ 39,positive,wisesight_sentiment
3686,ได้เลยจ้า นัดมาเลยจ้าาแต่ช่วงนี้ งานเยอะมากกใกล้สอบ อิแม่เพลียยย,negative,wisesight_sentiment
1911,สุดๆไปเลย ตอนนี้มันส์สุดๆไปเลยจริงๆ ในงาน kulov max 7 presents onyx aquafest 2018 รีบมากัน ทุกๆคน เพราะความสนุกนี้มีถึงแค่วันที่ 16 เมษา หากพลาดต้องรอไปอีก 1 ปี เสียดายแย่ บอกเลยยยย#kuเลิฟ #kuเลิฟsongkranonyx #kuเลิฟสงกรานต์ #kulovmax7,negative,wisesight_sentiment
903,บุหรี่ไฟฟ้านะ ไม่ใช่ยาบ้า มึงก้บ้า เกินไป,negative,wisesight_sentiment
1736,อยากกินแสงโสมแท้คือสิเมาดี,positive,wisesight_sentiment
1094,มีสิ่งอำนวยความสะดวกเยอะดี ห้องสะอาด,positive,wisesight_sentiment
3739,Nissan X-Trail ขับขี่ในเมืองก็ประหยัด ขับขี่ตะลุยป่ามีระบบ4WD ปลอดภัย,positive,wisesight_sentiment
1564,อากาศร้อนๆsofy cooling fresh ดีเว่อร์ น้องเย็น น้องหอม,positive,wisesight_sentiment
1901,เบียร์บ๊วย / เหล้าบ๊วยพีช ร้านกินเฮอาหร่อยค่ด ยอมเมาตาย ถ้าชอบบ๊วยควรลองจริงๆๆๆๆ,positive,wisesight_sentiment
2375,ลิปมินิetudeแม่งมินิจริงๆ55555,negative,wisesight_sentiment
3867,พาไปซื้อ lancome หน่อย,positive,wisesight_sentiment
3315,กำลังงงว่า Yaris Hatchback สีเขียว มันไม่มีของขนาดนี้เลยหรอ ของขาดเว่อ,negative,wisesight_sentiment
3815,วันนี้ถือว่าเป็นอีกเคสที่ต้องแสดงความยินดีและดีใจกับวงการแพทย์ไทย หนูน้อยได้ลืมตาดูโลก5ราย ท่ามกลางพายุปาบึกพัดกระหน่ำเข้ามาอย่างรุนแรงที่โรงพยาบาลสิชล นครศรีธรรมราช โดยทีมแพทย์ได้ทำการคลอดปกติ2ราย ผ่าคลอด3ราย โดยไม่มีไฟฟ้าใดๆ เนื่องจากไฟฟ้าดับมืดสนิท ผลการคลอด5รายปลอดภัย #ปาบึก,positive,wisesight_sentiment
139,อยากกินแสงโสม555,positive,wisesight_sentiment
3314,ชีสสสสมันน้อยไปไหมอ่า,negative,wisesight_sentiment
3937,เห็นติดป้ายหน้าร้านจาก 379 ลด299 แต่พอคิดเงินจ่ายราคา 379,negative,wisesight_sentiment
3293,ปะกินฮอทพอท555,positive,wisesight_sentiment
2783,ไม่น่ากลัวนะ ยาเหน็บมันละลายอยู่ในนั้นเลยไม่ต้องเอาออก ผ้าอนามัยนี่กลัวแค่ตอนดึงออกละเชือกขาด,negative,wisesight_sentiment
3030,เมื่อวานกูบองกินแล้ว อร่อยเวอร์ สปายหลบไป,negative,wisesight_sentiment
3383,โฮกาเด้น โรซี่อร่อยสุด,positive,wisesight_sentiment
3216,ทีมไหนกันบ้างงงงงงง #ว้าวกระจ่างใส😯 หรือ #Loveชุ่มชื่น💟แสดงตัวกันหน่อยสิ #missha #misshathailand #Dailyperfectbeauty #สวยสมบูรณ์แบบได้ทุกวัน,positive,wisesight_sentiment
820,แจ้งความก่อน ธนาคารบัตรมึงแม่งจะไม่ทำเหี้ยไรเลย ไม่ดำเนินการใดๆทั้งสิ้น,negative,wisesight_sentiment
3886,เหี้ย กุฝากอิมินไปบอกมึงว่ากุว่าง กุคล้านทักแชท,negative,wisesight_sentiment
2359,เออ พี่นกแนะนำ Black Mirror ใน netflix ให้ดูอะ นี่ก็ตามไปดู เขาบอกว่าเป็นซีรี่ส์สะท้อนด้านมืดไรงี้ เจอเข้าไป ep แรกกูช็อคอะ แบบเคว้งมาก แค่ ep แรกกูจอดเลย ร้ายมาก ไม่ต่อ ep2 เลยอะจนตอนนี้เคยไปตามอ่านกระทู้ยังมีคนคิดเหมือนนี่นะว่า ep แรกแม่งเล่นกับใจสุดแล้วอะ กุยอม,positive,wisesight_sentiment
3838,ไม่เอากลัวข่าวบาบีก้อน,negative,wisesight_sentiment
3663,อิสเมอร์นอฟทำพิษกูแล้ววว,negative,wisesight_sentiment
3976,จัดๆ hotpot ไหม 555,positive,wisesight_sentiment
709,แล้วพี่แท็กซี่ก็เปิดเพลงบิ้วไปอีก เออดี,positive,wisesight_sentiment
1054,วันเกิดพาไปหน่อย,positive,wisesight_sentiment
246,รีบมาเลี้ยงสิร่ะ,positive,wisesight_sentiment
454,มันน่ากินนะ แต่ขอพักแปป 555,negative,wisesight_sentiment
2860,กุหืวข้าววว,positive,wisesight_sentiment
3294,ผมลงชื่อนานละ เอาใจช่วยครับ,positive,wisesight_sentiment
2250,พ่อเป็นคนตลก 555555555555555555555555 พ่อไม่ควรร้องเพลงพ่อควรเปึนานกก็พอ 😂 #ฟ้ารักพ่อเพราะนโยบายของพ่อ #ฟ้ารักพ่อ #อนาคตใหม่ #พรรคอนาคตใหม่ #เลือกตั้ง62 pic.twitter.com/QqHKGhu0QP,positive,wisesight_sentiment
2878,ไม่ได้ป่วน อยากกินจริงๆเป็ดย่างแห่ง แคว้นกาตาลัน แชมป์ไต้หวัน ก็ได้นะ,positive,wisesight_sentiment
359,"Mazda ทำยอดจองในงาน Motor Show 2018 รวม 5,021 คัน อยู่ในอันดับ 3 โดย Mazda 2 คือรุ่นที่ทำยอดจองได้สูงที่สุด : 2,968 คัน (คิดเป็น 59.1 %) ตามด้วย CX-5, Mazda 3 และ CX-3",positive,wisesight_sentiment
593,เด่วพาไปกินน่ะจ่ะ,positive,wisesight_sentiment
161,เจอในโฆษณา Garnier อ่ะ คือแบบหล่อชิบหาย แล้วได้ยินนางพูดภาษาเกาหลี แสดงว่าเป็นอ้ปป้า เป็นไอดอลป่ะ หรือนักแสดง นาง…,negative,wisesight_sentiment
571,บันทึกหน้าสุดท้ายของ 'โรงแรมดุสิตธานี' ตำนานตั้งแต่รุ่นพ่อที่เป็นที่รักของคนไทย https://readthecloud.co/dusit-thani/ ยิ่งอ่านยิ่งผูกพัน พรุ่งนี้จะได้เป็นแขกกลุ่มสุดท้ายเข้าชมโรงแรมดุสิตธานีในยุครูปโฉมเดิม ก่อนที่นี่จะปิดแล้วกลับมาเปิดให้บริการอีกครั้งอีก 4 ปีข้างหน้า ดีใจมาก ตื่นเต้นมากกกกก,positive,wisesight_sentiment
1404,วันนี้กินนมไม่กินสปาย,negative,wisesight_sentiment
3509,วีโก้ข้อดีคือกำลังบรรทุกดีครับส่วนดีแม็คกำลังไม่ค่อยดีครับรอบเครื่องมาแต่แรงไม่ค่อยมีผมเคยใช้สองรุ่นนี้ครับดีแม็คจุ๊กจิกกว่า,negative,wisesight_sentiment
3506,แต่สำหรับนี่ มันซึมซับไม่ดีอ้ะ555555 เลอะตลอด แต่เพราะแพ้ผ้าอนามัยมาเกือบทุกยี่ห้อแล้วมันจึงเป็นทางเลือกที่ดีค่ะ55555555555555,negative,wisesight_sentiment
2074,เบียร์ช้างกินแล้วมีความสุข,positive,wisesight_sentiment
1004,ชอบ civic ขับสบาย เดินทางไกล ปลอดภ้ย เมื่อเกิดอุบัติเหตุ honda ก็ดูแล ทั้งเราทั้งรถ,positive,wisesight_sentiment
1630,หูยยยยยยยยยย,positive,wisesight_sentiment
272,เนยเคยสัมไว้ว่าไม่ชอบกินแมคโดนัลด์ ก็เลยกินซับเวย์แทนสินะ,negative,wisesight_sentiment
749,่ hada labo ใช้ได้นานจริง แต่นอกจากเรื่องหน้าไม่มันก็ไม่เหงช่วยอะไรเลย 😂,negative,wisesight_sentiment
3843,ไม่ได้กินบาบีก้อนมา 7 เดือน !!!!!,negative,wisesight_sentiment
3272,คันเป็นคือป๋องดำกู โบกมือ กูหย้าา,negative,wisesight_sentiment
1717,เตียงใหญ่มากพอที่นอนสามคนได้สบาย,positive,wisesight_sentiment
2949,ใช่ ราคาแพงใป ลดราลงมาอีก,negative,wisesight_sentiment
3041,เอา mini review เครื่องสำอางที่ใช้แต่งหน้าใน look เมื่อวานมาฝาก งานผิว Illamasqua Thailand skin base Foundation #6.5 ราคา 💰 1750 บาท ตัวนี้ราคาสูงหน่อยแต่ใช้ดีมาก แบบผิวกริบ และไม่คราบ Chuchukiss_cosme Diamond HD Compact Powder #02 ราคา 💰 390 บาท ช่วงนี้อากาศร้อนอีฟเลยชอบตบแป้งบางๆกันหน้าเมือก แป้งตัวนี้ดีมาก คุมมันดี แถมผิวแห้งอย่างอีฟยังใช้ได้ Wet n Wild Thailand Highlighting powder E322B ราคา 💰 390 บาท ไฮไลท์ wet n wild ให้ลุคฉ่ำวาวแบบเป็นธรรมชาติ คิ้ว COSLUXE browsup gel eyebrows pencil ราคา 💰 235 บาาท ช่วงนี้ติดใช้ดินสอเขียนคิ้วเนื้อเจลมาก เพราะเป็นหน้าร้อนกลัวคิ้วเยิ้ม ชอบดินสอเขียนคิ้วอันนี้เพราะหัวเล็ก เขียนง่าย และติดทนมากกกก ตา MEILINDA เครื่องสำอางเมลินดา Super frosting mini palette #02 ราคา 💰 199 บาาท พาเลทของเมลินดาอันนี้คือคุ้มในคุ้ม ราคาไม่แพง แถมสีสวย ใช้งานได้จริง ช่วงนี้ใช้บ่อยมาก Meilinda matte ink pen liner #02 Happy Brown ราคา 💰 199 บาาท อายไลเนอร์ก็เมลินดาเหมือนกัน เพิ่งออกมาใหม่เลย นี่หยิบมาใช้ครั้งแรก เขียนง่ายเพราะเป็นหัวฟองน้ำ ใครมือใหม่แนะนำเลย cosluxe natural 1-03 ราคา 💰 300 บาาท cosluxe Lash Adhesive ราคา 💰 250 บาาท ลุคส์นี้ขอติดขนตาปลอมซะหน่อย เป็นของ cosluxe อีฟเลือกเบอร์นี้คือดูเป็นธรรมชาติ ไม่เวอร์วัง ใช้กาวของ cosluxe เหมือนกัน เห็นเค้าว่ากันว่าดี ติดทน อีฟลองแล้วก็ติดทนจริงๆนั่นแหละ แนะนำใครชอบติดขนตาต้องมี essence cosmetics satin touch blush #10 ราคา 💰 145 บาาท ตาแน่นแล้ว ปากแน่นแล้ว แก้มขอเบาๆ หยิบของ essence มาใช้ อันนี้สีชมพูอมส้มแบบธรรมชาติ ปัดบางๆก็สวยแล้ว YSL Beauty Liquid Matte Lip Stain #1 1395 บาาท ลิปสติกอันนี้คือเป็นสีแดงที่สวยมาก แถมเนื้อดีมากด้วย เรียกได้ว่าสมราคาจริงๆ,positive,wisesight_sentiment
671,สู้ๆครับอย่าไห้ผลประโยชน์มันอยุ่เหนือความถุกต้อง,positive,wisesight_sentiment
681,ทำบัตรเสียค่าสมัครเท่าไรค่ะ,negative,wisesight_sentiment
1714,บายยยยย บาบีก้อนนนน,negative,wisesight_sentiment
127,เลิกได้จริงครับ ผมเลิกมาสองปีแล้ว,positive,wisesight_sentiment
444,เย็นนี้ไปลองกันมั้ย กินเบาๆ,positive,wisesight_sentiment
2125,ที่สุดเลย..เหมือน มาสด้า ที่สุด,positive,wisesight_sentiment
1274,โฮกาเด้นก็เอากูไม่อยู่ ไม่อร่อยทั้งหมด เดี๋ยวลองโรเซ่อีกอันนึงพอ,negative,wisesight_sentiment
1963,ชาแนลอย่าใช้เลยคุณ เราแบบเสียดายตังค์มากก แพงแต่ไม่โอเค น้ำหอมก็แรงเหลือเกิน อยากลอง Three จะรอกลับไปสอยที่ไทยค่ะ,negative,wisesight_sentiment
1845,เสือกเก่งดี,negative,wisesight_sentiment
3416,สุ้ๆๆคะ เป้นกำลังอยุ่ข้างหลังเสมอ,positive,wisesight_sentiment
3437,เครื่อง 600 cc เจอเครื่อง 1200 มาสด้า2 ประหยัด 22-30 กิโลลิตร ประหยัดกว่าเยอะ ไม่ต้องพูดถึงดีเซลเลย,positive,wisesight_sentiment
3486,คันต่อไปก็นาวาราเล็งไว้แล้ว,positive,wisesight_sentiment
3928,เราไม่กินลีโอ 555,negative,wisesight_sentiment
3179,L'Oréal Paris แต่ทาได้สักพักประมาณ 2-3 นาที มันก็หายแสบอ่ะค่ะ หรือเป็นเพราะเรามีสิวค่ะ,positive,wisesight_sentiment
3062,เสาร์นึ้555,positive,wisesight_sentiment
1114,ดีแม็กมาแรง,positive,wisesight_sentiment
974,"HELLO MG! แรงไม่หยุด NEW MG ZS ดันยอดจองรถยนต์ เอ็มจี พุ่งทะลุ 1,994 คัน โตขึ้นจากปีที่แล้ว 77%",positive,wisesight_sentiment
3758,ช้ากว่าเคอรี่,negative,wisesight_sentiment
2848,ดูแล้วไม่อยากกินเอ็มเคแล้ว อยากกินเบน 🤣🤣🤣,positive,wisesight_sentiment
3219,299 ได้ตั้ง 4 น้ำ,positive,wisesight_sentiment
3436,อยากกินๆๆๆๆ,positive,wisesight_sentiment
1509,จริง ยังเขย่าไม่เสร้จบอกหมด,negative,wisesight_sentiment
1709,ข้าว 19 บ. คุณภาพแย่กว่าข้าวข้างทางอีกค่ะ แพงไม่ว่า แต่คุณภาพควรจะได้ด้วยมั้ยคะ แถมกระทะดำย่างแล้วติดตลอด หมดอารมณ์ทาน,negative,wisesight_sentiment
3396,แต่มันเป็นฝี55555,negative,wisesight_sentiment
889,กินไปเรื่อยๆจะอ้วก,negative,wisesight_sentiment
517,ค่ะ ขอบคุณค่ะ ช่วงเวลา สองทุ่ม ซื้อ2กล่อง อีกกล่องฝากคนละบ้าน โทรไปถามเค้า เค้าบอกได้น้อยเหมือนกันค่ะ สี่ชิ้นบางๆ แต่เค้ากินไปก่อนเลยไม่ได้ถ่ายรูปเก็บไว้,negative,wisesight_sentiment
1769,มาๆเช็นทัล ...555,positive,wisesight_sentiment
3476,แพ้แดกช้าง😜,negative,wisesight_sentiment
220,กูเลิกแดกเบียร์สิงห์แล้วเว้ยยย นั่งกินเชี่ยงชุนแทน,negative,wisesight_sentiment
647,ทาง มาสด้า เขาขอแค่ เสนอความคิดเห็น ว่าควรทำอย่างไร ถ้าคนไม่รู้เค้าจะได้รู้ครับ ว่าควรจะทำอย่างไรกับแบตเตอรี่ ถ้าจอดรถไว้นานนานๆถ้าคุณไม่ซื้อก็ไม่ต้องไปว่าให้ทางมาสด้าครับ ไปดูข่าวดีๆครับว่าทำไมต้องมีการฟ้องครับ 🙏🏻🙏🏻🙏🏻😘,negative,wisesight_sentiment
2420,Before vs. After ครั้งนี้ทำสีที่ร้าน Rapi-Rabi สาขาอโศก (สุขุมวิท 31) เป็นร้านทำสีสไตล์ญี่ปุ่น น้ำยาและโปรดักส์ต่างๆ ของญี่ปุ่นแท้ๆ จอยชอบผมโทนร้อนอยู่แล้ว ก็ปรึกษากับทางร้านว่าขอแดงๆ จัดมาเลยค่ะ ได้สีแดงอมม่วงไวน์ๆ เลิฟมาก! สนนราคา 1500 บ. ทำสี+ทรีทเม้นต์,positive,wisesight_sentiment
898,สงกรานต์ปีนี้ ทำให้รู้ว่า -สปายขวดเดียว กุก็มึนละ -ดีนะกุตัดสินใจ​ที่จะไม่ใส่เสื้อกล้าม ทับด้วยคลุมไป -ปีนี้เหี้ยสุดละ ด้วยความที่ถูกโอบละให้ดื่มเหล้าของมึงเนี่ย กุคายทิ้งด้วยอิดอก -อิดอกถ้ามึงเปนผู้ ญ กุจะรุสึกแย่น้อยกว่านี้,negative,wisesight_sentiment
684,กินหม่าล่าไม่เป็นๆ,negative,wisesight_sentiment
2951,ไม่ต้องกินหมูทะล้ะ กินอันนี้แหละ55555,negative,wisesight_sentiment
1589,ผมทำงานร้านเหล้า แห่งนึงใน จ.สงขลา ทางร้านได้เอาเหล้ายี่ห้อนี้มาขาย เดือนกว่าละ ผลปรากฏว่า ซื้อมาเท่าไหร่ก็เหลือเท่านั้น (สัสฝุ่นนี้เกาะหนาเหี้ยๆ),negative,wisesight_sentiment
2340,Nussan x-trail โดยส่วนตัวแล้วเป็นรถที่ชอบและอยากทดลองขับมานานแล้ว คิดว่ารถคันนี้น่าใช้มาก ราคาไม่แพง แต่ของครบ,positive,wisesight_sentiment
1558,อยากซื้อไว้ขับเล่นสักคันแต่พอดูรายการค่าบำรุงรักษาแล้ว แพงกว่า Honda jazz ผมอีก,negative,wisesight_sentiment
1391,นิสสันมีดีที่เทคโนโลยีที่ล้ำหน้า แต่ดันไม่ยอมทำการตลาดให้ตรงจุดเด่นของตัวเอง ก็เลยขายไม่ได้ แถมบริการหลังการขายห่วยอีก อย่างที่เป็นข่าวรถใหม่ป้ายแดงเป็นสนิมถ่ายน้ำมันเครื่องออกมาเป็นโคลนกลับปัดความรับผิดดันโยนให้เจ้าของรถ ก็แย่นะ ใครๆๆก็กลัว,negative,wisesight_sentiment
3877,สาขาเดอะมอล์ท่าพระยิ่งกินอาหารเริ่มน้อยลงดูแล้วอาหารไม่มีอะไรเลย,negative,wisesight_sentiment
2177,อยากกินวะ แก,positive,wisesight_sentiment
3307,ไปเลยกำลังว่าง,positive,wisesight_sentiment
1916,ดันเลย พรรคอนาคตใหม่ #เลื่อนเเม่มึงสิ,positive,wisesight_sentiment
768,โป้งแอดมิน โปรนี้ไม่มีพิษณุโลก😢,negative,wisesight_sentiment
1289,เตรียมท้องไว้ละนะ,positive,wisesight_sentiment
1168,ดาว0%ต้องมีเงื่อนไขอะไรบ้างครับผมอยากได้ฟอร์จูนเนอร์,positive,wisesight_sentiment
503,คุ้มและอิ่มท้องอร่อยมากๆคะ,positive,wisesight_sentiment
1487,คิดถึงก้อนมากเหมือนกันน,positive,wisesight_sentiment
1218,ปิดบชสมาชิก ไม่ไปกินตลอด,negative,wisesight_sentiment
3481,จะลุ้นผชด.งานที่โชว์ดีซีต้องใบเสร็จ 500 อัพอะแพงกว่ากัซอีกกัซแค่200เองจะเปย์คนไทยต้องแพงขนาดนี้ลาก่อยไม่เปย์เราก็คุยได้ถ่ายรูปได้กอดได้ละ555,negative,wisesight_sentiment
1628,ชวนพี่นัทพี่มายด้วยย😂,positive,wisesight_sentiment
573,เหล้าเบลล์รสชาติเหี้ยสุด จะไม่แดกอีกละ,negative,wisesight_sentiment
1848,นิสสันขับง่าย เดินทางไปไหนมาไหนสะดวกดี ข้างในกว้างขวางไม่เเคบ เเละสวยมากด้วยค่ะ,positive,wisesight_sentiment
3835,อันนี้คือชาเอิร์ลเกรย์ครีมชีส ทำได้แย่มาก ไม่ได้อคติ MK นะคะ ดิฉันเป็นสมาชิกแพลทตินัมค่ะ,negative,wisesight_sentiment
3774,กินๆ รอเงินออก,positive,wisesight_sentiment
3093,ตั้งแต่ซื้อHR-V มาตอนนี้4ปี แล้วเซลล์บอกจะให้กระเป๋าเดินทางทวงจนอายแล้วค่ะ ไม่รักษาลูกค้าเลย ศูนย์ฮอนด้ากำแพงเพขร,negative,wisesight_sentiment
3856,ดีใจมีรถยี่ห้อแรกไปทำโฆษณาที่หินสามวาฬบ้านผม ใช้วีออสอยู่ครับ ชอบรีโว,positive,wisesight_sentiment
121,หลังกลับจากเชียงใหม่ 😁,positive,wisesight_sentiment
910,แต่ไม่กล้าลอง แต่ก่น่าลอง สักแบนก่อน,positive,wisesight_sentiment
2394,ใช่เนื้อหมูบางมากๆๆๆๆๆๆ ทุกสาขาที่ไปกิน เซ็นลาดพร้าวฯ บิ๊กซีรัชดา เดอะมอลล์งามฯ บา,negative,wisesight_sentiment
827,จัดป๋ายยยย😋😉,positive,wisesight_sentiment
1346,หาซื้อผ้าอนามัยลอรีเอะ ซูเปอร์ เจนเทิล พลัส ได้ที่ 7-Eleven ทุกสาขาได้เลยนะคะ :) http://www.lauriermybrand.com/2013/l-product/super_gen.html,positive,wisesight_sentiment
2011,โห cx3 นั่นมาสด้า2ชัดๆ แคบกว่านี้ คงหายากแล้วครับ 😆😆😆,negative,wisesight_sentiment
2040,พรุ่งนี้เดี่ยวเลี้ยง 55,positive,wisesight_sentiment
1451,กู ยังเห็น มืงดูด อยู่ เลย ตอแหล จริมๆ,negative,wisesight_sentiment
1296,เดี๋ยวจะไปกินที่นครปฐมแล้วกันนะก้อน,positive,wisesight_sentiment
1205,อี๋ Almera 1.2 S ขับตัวโลวไม่คุยอะค่ะ ต่รรม,negative,wisesight_sentiment
726,W7 colour pop sleek น่าสน ราคาไม่แพงด้วย แต่เก่งมากค่ะลูก ปรบมือออ,positive,wisesight_sentiment
1198,น่ารักแสงโสม,positive,wisesight_sentiment
2706,ขอบคุณครับ ฝากด้วยครับ เมื่อก่อนผมจะชอบดื่มไฮเนเก้นมาก ด้วยที่ชอบความนุ่มลื่นและฟองที่มันดื่มง่าย เดี๋ยวนี้ผมว่ารสชาตเปลี่ยนจากเดิมไปเยอะ รสชาติเข้ม ขม จนเหมือนเบียร์ตลาดล่างๆไปแล้ว ... ติเพราะรักและชื่นชอบมาก่อนครับ ถ้ารสชาตเดิมกลับมา ผมมีติดตู้เย็นเหมือนเดิมแน่ๆครับ,positive,wisesight_sentiment
957,Ford Focus RS บ้านเราน่าจะมีนับคันได้เลย เป็นรถที่น่าใช้แต่ราคาโหดเกิน,negative,wisesight_sentiment
813,นิสสันนาวารา เท่มากคับ แข็งแรงทนทาน อยากได้มาก,positive,wisesight_sentiment
