tenure,monthly_charges,total_charges,contract_type,payment_method,random_noise_1,random_noise_2,churn
51,106.69937600115234, ,One year,Bank transfer,-0.18765849429620104,2.0052709784008527,1
14,60.79844953648447,163.95,nan,Electronic check,1.1623085196681997,89.04695739838898,1
71,75.17225952593398,6795.67,Month-to-month,Bank transfer,-0.11532059978763796,56.92813829505244,0
60,45.388856404330426,1884.95,Month-to-month,Mailed check,0.8098878169738728,81.19091149599046,0
20,39.611309969345285,1133.32,One year,Electronic check,1.409191028599123,80.79380300142834,0
23,70.55078791060338,1333.46,Month-to-month,Electronic check,0.2320062831488026,18.985266027096912,0
2,79.50489797004207,3426.79,One year,Mailed check,0.5089905208555405,11.01721202536331,1
21,53.9271245896191,2763.61,Month-to-month,Mailed check,0.09187093358020086,72.12872689738266,0
52,76.94435177635003,2655.41,Month-to-month,Mailed check,0.29780588197031677,15.642691882161907,1
1,108.7460482513503,254.72,One year,Bank transfer,2.1026024348962706,84.99374914047237,0
29,75.6721584783366,4804.07,One year,Electronic check,-0.0639484926806476,72.61894838621052,1
37,92.08130963105066,1514.79,Two year,Bank transfer,-0.35315403794558076,84.18253643652626,0
1,100.53149673579051, ,Two year,Mailed check,1.0417542290197623,29.901267960934607,1
63,118.87287819554427,0.0,One year,Bank transfer,-0.842922332241793,31.659806041056903,1
59,80.31974021769796,369.99,One year,Mailed check,-0.6147214572652406,67.12215563463177,1
20,100.6850148962586,147.76,Month-to-month,Bank transfer,-0.6083452939526224,3.144595505894754,0
32,116.26493185548746,1668.03,One year,Bank transfer,-0.2558745224580402,72.64967463374226,0
57,114.44097255772735,267.0,Month-to-month,Mailed check,-0.21219946487005836,83.57830708546012,0
21,34.10818487777136,5607.61,Two year,Bank transfer,0.6990995896655071,41.516358660410404,0
48,60.6392308273522,1017.55,Month-to-month,Electronic check,-0.342361635258677,76.48788300884686,0
58,52.39900611067996,1394.62,One year,Bank transfer,0.7394634692351869,17.461091698226195,0
41,28.692501495034932, ,Month-to-month,Bank transfer,0.8641807048417827,32.22603938194847,0
59,83.32407749109606,635.87,One year,Electronic check,-0.6535111993330405,97.43049631104775,0
14,93.59046131960024,4001.67,Two year,Mailed check,0.842706018698451,98.63281735601262,0
61,104.81280954668836, ,Month-to-month,Electronic check,0.9334184829582883,51.2605053021588,0
61,32.27768896627085,1153.31,Two year,Bank transfer,-1.7609364366308586,93.4269791463877,0
46,107.64440758752939,443.41,Month-to-month,Mailed check,0.29348095287396686,52.27306780568546,0
61,84.29255636142533,4021.75,One year,Bank transfer,-0.5064081083009134,29.15881281611573,0
50,90.39461351385094,6625.17,Two year,Bank transfer,1.3030649803324426,26.689928809877184,0
54,111.06240035403039,4350.82,Month-to-month,Electronic check,-0.5166061852735627,92.95057053681488,1
63,82.47612710432512, ,nan,Electronic check,-1.3394831553106699,17.24463889738591,1
2,53.58658571498351,1249.11,Month-to-month,Mailed check,-0.029816816668827722,57.96324582018182,1
50,102.51073314226598, ,Month-to-month,Mailed check,-0.8969723040991179,55.552506806271964,1
6,56.30592121950905,1977.6,nan,Mailed check,0.8495852645378883,73.9621684652995,0
20,23.422811082052913, ,Month-to-month,Bank transfer,-0.8086124988817873,49.924290752477475,0
38,103.06545065652497,1141.31,nan,Electronic check,-0.017506449188277106,27.22856607081342,0
17,54.51921448812756,7341.33,nan,Electronic check,1.5458104271641642,16.939649963157855,0
3,97.38345232013403,3747.33,Month-to-month,Electronic check,1.0985286222141364,62.08188035058918,0
59,56.275789466594546,6256.75,One year,Mailed check,0.4778392032889491,71.89907568532331,0
13,106.10680199747216,262.3,Month-to-month,Electronic check,-0.12757771255227468,56.95212786820326,0
8,41.95105250809587,101.1,Month-to-month,Electronic check,0.38289645621108837,73.83512771211947,0
52,117.45472651988699, ,Month-to-month,Electronic check,0.688983952725054,14.152120244996013,1
1,97.97587747880308,654.51,Month-to-month,Mailed check,-0.9866023632154887,88.24701949431355,0
59,31.423792592039682,1361.27,Month-to-month,Electronic check,0.8513372439238396,58.239550840850306,0
70,76.57766199665605, ,Month-to-month,Mailed check,-1.1016940525570809,12.684392689259717,0
43,118.53673122417347, ,nan,Electronic check,0.5724519350122764,46.1925204205735,0
7,67.10654526938144,4433.65,Two year,Electronic check,-1.106890404549641,84.47917378659115,0
46,38.21071388215832, ,One year,Electronic check,1.962796243370614,89.75621934531601,1
34,68.47783671503461,2244.69,One year,Mailed check,0.7633416249370387,26.46495049987615,0
35,71.24576558819216,5188.59,Two year,Mailed check,-1.5560252787859543,71.12658247104531,0
49,94.16869442286655,216.76,Month-to-month,Electronic check,-0.0009266262301528976,9.998524748377669,0
3,89.88458531609044,2472.79,One year,Bank transfer,-0.5214220440846358,3.3545871412157813,0
1,60.255004359698056,3690.2,nan,Mailed check,-0.6397269297813641,56.03989538199428,1
5,41.80231074940865,4925.3,Month-to-month,Mailed check,0.14710352646841823,69.48275793281259,0
53,84.50541677693295,714.58,One year,Electronic check,-0.9279937496684983,79.5786731176502,0
3,62.17039345532818,662.33,Two year,Bank transfer,0.7614657649844361,34.02162384553347,1
53,33.22762111253304,1491.21,nan,Electronic check,0.7046540869993421,0.6525410428886991,1
62,110.05723012363856,64.26,One year,Mailed check,0.3514247749419854,47.95192371113538,0
17,89.12218576096544,1338.21,Month-to-month,Mailed check,-0.019504528540864735,1.585354537356698,0
43,88.31838564454814,186.42,Month-to-month,Electronic check,0.6598182859449822,9.198451067079993,0
33,102.25838759116739,3163.73,Month-to-month,Electronic check,0.7913855060779842,32.668902253174835,0
61,72.96616786550811,4850.88,One year,Bank transfer,0.4549177367416812,43.71720495601772,0
13,101.5054428402457,178.56,Month-to-month,Bank transfer,-1.3118740231802377,27.946944122964858,1
47,69.80907535110057, ,Two year,Mailed check,-0.7883861138690067,58.18652665047078,0
14,26.71753999157101,3851.27,Month-to-month,Bank transfer,-0.2680609214921124,5.534978921809519,1
71,60.524808802768874,1719.1,Month-to-month,Bank transfer,-1.4757908978496974,14.457971023958471,0
61,69.74648939798905, ,Month-to-month,Mailed check,0.22400313333153002,69.52584007554336,0
39,92.02025816322958, ,One year,Mailed check,1.4110052073236168,14.214085359791772,0
52,30.657873012867434, ,Month-to-month,Mailed check,1.2516903667595924,63.97752015704224,1
23,34.0018538660449,2549.03,Month-to-month,Mailed check,0.7396261440048749,5.468462075336555,1
25,46.368380263461646,1184.82,Month-to-month,Electronic check,0.7277119338715549,40.73822791191404,0
59,46.649839337088224,4710.47,Month-to-month,Mailed check,2.215295530963381,17.740947012118234,0
40,93.21845784590624,7193.04,Month-to-month,Mailed check,0.8438638321783621,10.963628253518642,0
28,45.073066056159774, ,Two year,Mailed check,0.9256356867883468,56.70327835012275,1
14,83.30980633574475,2426.98,One year,Bank transfer,-1.4389146943361546,92.83357720056217,1
44,69.42738501382715,2328.89,Month-to-month,Mailed check,1.332818794356268,5.478704792354883,0
64,77.32943781794006,5901.82,Two year,Electronic check,0.3984973503055624,42.15542482180342,0
70,103.81069631782958, ,nan,Electronic check,-0.07978434543267753,70.75354377454437,0
8,60.43815015490243,3635.01,One year,Mailed check,-0.32763812406823883,46.268783168782704,0
0,97.09113770642705,1353.58,One year,Electronic check,-0.5485954366692449,80.64959461052452,0
7,62.20360595506874,4722.34,Two year,Bank transfer,1.2567768783608957,17.96453158641317,0
62,55.38713765612494, ,nan,Mailed check,-0.028358929257374006,95.95942050277405,1
10,115.86271773132205,5443.63,One year,Electronic check,-0.5116785588702479,38.51626277725405,0
7,38.43709206789632,2040.6,Month-to-month,Electronic check,-0.7715468047301147,34.15696329442751,1
34,29.033696057760785,1214.96,One year,Mailed check,0.1705987944628568,87.46057945031659,0
34,97.09859255354785,6251.31,One year,Electronic check,-0.3596097042177829,56.38670318917666,0
32,26.824970535409157,2087.58,Month-to-month,Mailed check,-0.5877555524996549,51.644434190282155,0
4,103.70789907030294,2496.52,Month-to-month,Electronic check,-1.3821559692754701,72.69779195284309,0
40,63.71933963572435,2652.16,Two year,Bank transfer,0.9593573595044974,57.98342382810904,0
27,111.5513677291914, ,One year,Electronic check,-0.13802327544976625,16.251564475711533,0
6,92.15328611219056,320.71,Month-to-month,Electronic check,-1.0852386570240204,67.41976228649297,0
71,81.04046670079576,7599.54,One year,Mailed check,-0.2712361413328833,13.346887928212848,0
11,114.93067970577657,106.14,Month-to-month,Electronic check,0.5491320559656173,80.5857705334062,0
33,59.66493730520543,2261.16,Month-to-month,Mailed check,0.028840871603311835,98.97365977122709,0
32,115.40869365396331,5312.3,One year,Bank transfer,0.19099374777060965,37.73876249747763,0
47,33.500127742120696, ,Month-to-month,Mailed check,0.0425482579903094,44.47558982020126,0
22,68.37549419324128,4917.77,Month-to-month,Mailed check,-1.276855776441081,4.643365548281231,1
61,46.99112223921949, ,nan,Electronic check,0.9485085432635307,1.3733188082578285,0
36,73.98427789081934,668.35,Month-to-month,Bank transfer,-1.7082461603819326,92.14193348763277,1
43,36.20138778915846,436.08,Month-to-month,Mailed check,0.46153657461144215,12.862406043919206,0
34,104.15296603100434,1581.8,nan,Electronic check,0.6155709214954449,44.577874755947036,0
64,104.64078493145573,1546.22,One year,Electronic check,-0.21984370377918255,81.53546238555614,0
46,115.5236312723479,579.93,One year,Mailed check,0.3534225238055569,88.93187599283195,1
2,35.46721408832362,2330.18,Two year,Electronic check,-0.2771354692402207,51.93976852834676,1
0,82.33325509049908,164.41,Month-to-month,Mailed check,0.36549520309111483,56.50325249759498,0
4,67.42373087003696,8227.85,One year,Mailed check,0.9929225435189046,66.96839724632724,0
13,54.43837320442332,2931.62,One year,Mailed check,-0.7921264263853364,96.13824701437153,0
26,55.15401611342188,1392.91,Two year,Bank transfer,0.673964858952303,60.26699609445051,0
8,61.27935506067523,2523.98,One year,Mailed check,1.6923980023881113,55.947525945634624,0
14,90.4925549688953,3560.72,One year,Electronic check,0.2645652625343606,1.4534135265990678,0
41,79.82860582681546,4960.06,Month-to-month,Bank transfer,-0.5031042244214121,8.094970202235608,0
50,65.9681512761131,2693.39,Month-to-month,Electronic check,2.2632328390855356,57.71716266239962,1
62,27.593341036962208, ,One year,Bank transfer,0.08870623904475734,93.62403878072033,0
51,27.77653440789571,1433.37,One year,Bank transfer,0.2315299038028774,86.6691348399395,0
3,20.233939062577825,3743.34,One year,Bank transfer,0.2523742095336067,98.25789229922046,0
22,116.76993882070865,4568.51,Month-to-month,Bank transfer,0.44786332759928094,52.7834037561274,0
14,20.525381855838493,857.39,One year,Electronic check,-0.33887494544898544,78.79309384377669,0
42,30.309374601374486,7284.82,One year,Mailed check,0.18999086070417107,84.04003314893404,0
28,51.45965568094109, ,Two year,Electronic check,0.9521837434367699,64.80316573308617,0
35,100.74302518167612,6068.89,One year,Mailed check,-0.3734010212347558,33.874990421450725,1
12,116.20987857641177,127.47,nan,Electronic check,-0.41999397712669556,46.99784346577944,1
31,99.00135587918561,2399.25,Two year,Bank transfer,-0.2920844754686517,85.79170722435677,0
70,89.05602324456406,3125.14,One year,Bank transfer,-1.0977728179841826,29.854792598216395,0
58,72.13006674135694,0.0,One year,Mailed check,-0.6828394618515679,92.37431312666486,0
27,28.67052118621836,1443.25,nan,Mailed check,-0.7235799236400955,22.98063414226651,0
65,115.81707930039303,2947.5,One year,Electronic check,-0.0005225236680281123,74.95164151567806,0
41,95.83924139456815,7173.65,Two year,Mailed check,0.8361456557057673,63.055923434573835,0
44,83.89493853342618,1375.26,One year,Electronic check,1.453714096879472,74.95994411207623,0
61,95.90358455388498,3339.55,One year,Mailed check,0.05718861719186463,43.73475724325948,1
56,92.41033292731386,4966.91,Month-to-month,Mailed check,0.4564697514287078,93.26410625539846,0
5,83.72315797894868,6170.51,Month-to-month,Mailed check,0.24339380590769533,63.24722024114774,1
27,118.05768001799882, ,nan,Bank transfer,-2.0934389552066586,28.829580455425628,0
27,110.33638126360249,5393.41,One year,Bank transfer,-1.147890911860274,63.84550706521437,0
43,84.66649191171634,3069.48,One year,Electronic check,0.7612642911647396,28.681574720703118,0
29,89.31752114569247,2504.44,nan,Mailed check,0.8584851719195792,29.36323917598742,0
61,25.159580665870998,2605.77,One year,Electronic check,0.8356080251199703,39.95985116208679,0
61,86.99174645500392,1172.94,One year,Mailed check,-0.17781198446338883,85.2430417569119,0
0,24.41654377101002, ,One year,Bank transfer,-1.9948344606009747,50.0297874393992,0
26,78.8263756969931,1437.51,One year,Bank transfer,-1.0285249856791723,67.89008422302074,0
61,119.93534995658348,476.28,Month-to-month,Mailed check,-0.8755078456471619,39.1967740274463,0
2,75.58065814371795,791.55,Month-to-month,Mailed check,0.6287685790907118,26.360543980688146,1
69,67.32101180813333,4514.63,Month-to-month,Bank transfer,-0.3573710964165959,95.46401607162313,0
71,51.285485650558755,733.66,Month-to-month,Bank transfer,1.690400508130418,60.358124712306264,0
26,32.052257878646444, ,One year,Electronic check,1.4676383378607578,93.39513385827183,0
8,93.10236714582817,1619.24,Month-to-month,Bank transfer,1.673698446220863,20.341300219831503,0
61,39.259902778563045,3498.01,Month-to-month,Mailed check,-0.9165129936432219,14.689416391293275,0
36,31.528202124728438,2035.87,Month-to-month,Electronic check,0.4908912121415714,85.58229071239036,0
50,62.17626597305125,4415.01,Month-to-month,Mailed check,-0.47752408893786963,68.09172126172514,0
43,99.53418379590974, ,One year,Electronic check,0.3278718182332904,18.657849925364133,0
23,94.50645481202204,5097.12,Two year,Mailed check,-0.80561374274396,26.935970066353775,1
58,25.488261464647493, ,One year,Bank transfer,1.2261563675514555,80.06639415253112,0
31,65.5143685036156,1105.21,Month-to-month,Mailed check,-0.7869315502038857,45.386861999593606,0
51,72.2434576071169,6866.08,Month-to-month,Electronic check,-1.9472390246710976,67.05405065060908,0
61,84.45466506258222,3506.73,Month-to-month,Mailed check,2.0337808157431616,31.83520221360109,0
57,85.01673504432281,2122.54,One year,Electronic check,0.4424966795679303,38.12299527748767,1
51,56.46972494573058,147.24,Month-to-month,Mailed check,-1.069126764418128,99.07125586231051,0
11,76.0677194003514, ,One year,Bank transfer,-0.16227111506913702,24.761708717471855,0
38,68.10618838440865,1583.41,Month-to-month,Bank transfer,-0.5768570947168843,50.6456377036514,0
1,108.4998356523281,1834.65,Two year,Mailed check,0.005741446804439764,84.44023431905322,0
2,73.02651326349002, ,Month-to-month,Mailed check,0.8027808359148207,23.9223213665858,0
55,64.10321617481617,1024.83,Month-to-month,Mailed check,0.6457790929036307,41.521375668433066,0
58,60.448544968185075,3715.03,Two year,Electronic check,0.2537290205085139,61.50912873699883,0
1,77.24277594334657,1829.32,Month-to-month,Mailed check,0.005253113309508843,48.118815147510254,0
1,100.39769794008976,1124.35,Month-to-month,Mailed check,1.0786707575280106,45.95022665703175,0
53,73.84014903807875,3784.83,One year,Electronic check,-1.9254582183368936,36.25097313221236,0
0,86.16551750805415,1001.4,One year,Bank transfer,-0.748932693260438,58.66463277749251,0
18,93.7855766906525,524.65,One year,Mailed check,-0.9786628332561677,62.43726979236103,1
1,72.01681098787319,1176.51,Month-to-month,Mailed check,1.0062577730028914,65.32895409013626,0
52,62.68170566548643,2294.93,Month-to-month,Bank transfer,-0.7390926156784712,7.036810790602932,0
43,107.66653778624494,6171.59,Month-to-month,Bank transfer,-1.2859553922904483,63.103417571204886,0
31,61.75060840278921,503.8,Month-to-month,Electronic check,0.5493275461169328,95.32371787812328,0
69,66.19428505755876,2659.61,Two year,Mailed check,-0.9087475809097253,54.09862355280837,0
31,119.03413133417772,102.02,One year,Mailed check,-0.3507264825083576,71.52670825092443,1
67,20.023752357588457,3354.21,Month-to-month,Electronic check,2.381143900881698,55.67323077592178,0
54,38.547290957672246,4035.05,One year,Bank transfer,0.7871385540034733,85.47406185919787,0
55,58.39638899197257,1108.7,Month-to-month,Electronic check,-0.21104060741467465,92.95830945975689,0
16,113.25899094252529,1054.98,Two year,Bank transfer,-0.12112812594418335,18.421989929635927,0
37,27.002970574747103,4857.79,Month-to-month,Electronic check,0.9074875862214719,43.68600365571266,0
23,20.948543362849808,4384.16,Month-to-month,Bank transfer,0.6628704301046306,39.23821009327213,1
68,25.26838359772286, ,One year,Electronic check,0.07559948945093709,40.521512329927866,0
69,28.854341061361815,2218.79,One year,Bank transfer,0.10355994223942439,12.55241812278759,0
10,23.759677320626086,3158.64,One year,Bank transfer,-1.479848480437972,81.36157259807193,0
15,67.97813268565048,2277.5,Month-to-month,Bank transfer,-1.6900105500689366,3.576624301493525,0
58,78.07572072273277,1718.29,Month-to-month,Bank transfer,-0.1768222757735045,52.82266077271569,1
69,47.16869710690041,2758.95,Month-to-month,Bank transfer,-0.6332851853461444,66.18783880446912,0
2,59.828738397563555,3634.51,Month-to-month,Mailed check,0.5860790343403636,20.746943805887717,0
19,29.169933511143014,2522.93,Two year,Bank transfer,0.19717974380562603,90.58501920987956,0
58,53.63704638284221,2598.7,Month-to-month,Mailed check,-0.7727743934943797,83.8549207024793,1
35,72.2519191634523,4232.08,Month-to-month,Bank transfer,0.16319845949635756,47.10837294839253,1
18,93.22718071846451,1468.33,One year,Mailed check,-0.41823278555492294,41.11489323401387,0
66,20.334636204297922, ,Month-to-month,Mailed check,2.0666013780140293,23.656792521110003,0
18,66.73107665376526,2334.98,One year,Electronic check,0.3862422989629572,72.99932246449636,0
19,49.70028764548822,4578.38,Two year,Bank transfer,-1.5606069870329287,13.174379963196415,0
70,105.28218216919014,353.07,Month-to-month,Electronic check,1.8205151002195816,68.02377538437831,0
51,91.55533152342419,3236.24,nan,Electronic check,-0.6331490039572499,84.24569861184136,0
32,78.9108534470895,4951.41,One year,Bank transfer,-0.9747369907801692,22.84715759170237,0
39,47.72656456967736, ,Month-to-month,Electronic check,2.1436866525435208,86.64274028987562,0
38,111.03391020575343,331.37,Month-to-month,Bank transfer,0.34583665779556366,3.3323199439508455,1
0,24.510067722032318,68.19,Month-to-month,Electronic check,0.7007660072054852,91.27873853865253,0
10,30.946759867911517,1179.59,One year,Bank transfer,0.7330601158721506,11.836222785129802,0
56,59.16301405403561,6435.57,One year,Bank transfer,-0.20598971623780354,64.57591779380326,0
49,32.443755729685634,5409.04,Two year,Bank transfer,-0.5724052701863203,25.00824689139418,0
22,115.6415697559425,494.91,nan,Mailed check,-0.4092574549377402,83.65523911696138,0
30,99.79893221433834,3800.46,One year,Electronic check,1.6088662792440336,51.23003609154665,1
41,45.89826516018137, ,One year,Mailed check,0.20378755320680852,13.524119124650136,0
6,78.85542289732453,3543.11,Month-to-month,Electronic check,1.3129150397161364,57.099157132597846,1
15,118.23305150800816,1376.73,One year,Electronic check,-0.07644512722849837,40.78826101969831,0
59,108.4198978131503, ,Month-to-month,Electronic check,-0.7553835773437445,66.14478166131012,0
1,80.0798446442198,3763.12,One year,Mailed check,-1.4422164738680543,88.19032847634595,0
0,110.37239671752705,323.12,Month-to-month,Electronic check,0.6480031851540399,40.938913118341844,0
47,118.91849098133589,2395.23,Month-to-month,Mailed check,1.6940980784119737,28.988067953385965,0
11,94.33528228936241,1849.06,Month-to-month,Bank transfer,-0.8859730082465007,1.4515094527608796,1
68,26.498640948289403,4816.89,Month-to-month,Electronic check,0.5133725686380203,57.483903785987486,1
36,60.15802364254875,2028.79,One year,Electronic check,-1.3756157156807507,40.227476743143356,1
31,103.78257352832455,1007.89,Month-to-month,Bank transfer,-0.5556966770618912,37.464921901482874,0
8,43.0569195805019, ,One year,Bank transfer,0.26793678537454735,18.29353212842125,1
18,103.06425177506246,1089.21,Month-to-month,Electronic check,-1.728294085670402,43.00553451912743,0
47,32.033876203499595,438.63,One year,Bank transfer,-0.01802325272938249,98.44419535833683,0
2,24.694535714781303,629.74,Month-to-month,Mailed check,-0.8367004734171456,29.775415367224433,0
19,58.40906114912496, ,Month-to-month,Mailed check,0.6047592257382739,59.97044134081002,0
23,23.67319374266136,578.75,One year,Electronic check,-0.1654006421535298,77.64868813156667,0
53,115.72702629833256,1124.69,Month-to-month,Mailed check,0.9394390194675831,74.91578231765317,0
32,102.62056957939659,929.05,Month-to-month,Mailed check,-0.27959828674481496,32.877428749259074,0
23,100.07696871298751,1243.61,Month-to-month,Electronic check,-1.3623795198295092,61.08600835168504,1
71,82.97779229961532,5498.9,Month-to-month,Bank transfer,-1.4869600810362653,87.12646852701572,0
35,41.632402303655354,2351.85,One year,Electronic check,-1.9090095035579693,1.5447427733077945,0
37,71.82603666763922,1588.31,Month-to-month,Mailed check,0.6329578326099892,43.57343568433076,1
24,79.7274072430341,4645.72,One year,Electronic check,2.557730919268994,22.427341824190528,1
17,72.50315008602682,3327.9,Two year,Electronic check,0.4352381371851315,38.8632290398839,0
65,46.02333679515273, ,Month-to-month,Mailed check,1.672046882004341,41.598960797524164,1
53,71.52479243147259, ,nan,Mailed check,1.13357329078902,74.6670964786637,1
34,69.11863408686266,4169.38,One year,Electronic check,-0.5183360098740859,9.382187239544315,1
60,119.63357758067242,4758.26,One year,Mailed check,1.2653159809906256,51.25839031325105,1
40,109.74361480462039,885.85,One year,Mailed check,-0.47857469151251497,56.41947917987453,0
32,66.33807482156199, ,One year,Mailed check,-0.45870786953835907,49.41576035518044,0
67,82.29373829351186,1232.65,One year,Mailed check,-0.20859232593631016,73.18732530627202,0
32,94.78716040922285,5087.49,Month-to-month,Mailed check,-0.16119802232713012,38.37912559068474,0
13,23.486516023382492, ,Month-to-month,Mailed check,0.6613694631861474,94.49670636400761,0
20,109.49214412278398,5112.06,Month-to-month,Bank transfer,-0.6708867358908054,48.180344253894134,0
47,106.01268164179238,1249.56,Month-to-month,Electronic check,0.889102778582977,57.121390961479754,0
19,65.74320977737074,1366.17,Month-to-month,Mailed check,0.8747440830314708,82.55308233467494,0
7,59.11697660803798,4767.4,Month-to-month,Electronic check,0.34296353244448485,27.523610593112245,0
6,47.2959374856315,4530.97,Month-to-month,Bank transfer,1.9396119086074448,7.520202876280246,1
66,67.66768283303685, ,One year,Mailed check,1.2873926486583085,70.77839783624825,0
16,24.437666353323678, ,Two year,Electronic check,1.0697292902004647,48.301185554837865,0
32,105.21935333470077,440.72,nan,Mailed check,0.06615337454325149,89.65042509589948,0
47,23.542236841854507, ,Month-to-month,Mailed check,0.35176613781432575,98.26800487224341,0
58,52.9051365369871,2729.06,One year,Mailed check,0.5238073630877538,39.91093505747292,1
21,113.158948831899,1114.72,Two year,Mailed check,0.01324137352760527,41.543901625966086,0
29,93.52126545234528,8246.74,Month-to-month,Mailed check,-0.37556946030847094,40.79626022057264,0
37,48.13909605775268,4937.82,Month-to-month,Mailed check,-2.405712742876312,32.45541097309261,0
50,45.26490939608851,921.97,nan,Mailed check,0.7177654091248232,78.16870977663974,0
53,20.508213981802598,1962.95,One year,Bank transfer,1.0414472168833544,75.89957624907277,0
7,89.57142928497501,1511.08,Month-to-month,Bank transfer,-1.161118856156836,47.864487055052486,0
26,24.87835816731731,4741.31,Month-to-month,Mailed check,0.6051686497204916,4.466121637889875,0
26,73.26025194007622,3596.32,Month-to-month,Mailed check,-0.591526678317524,30.955930151307342,1
20,116.21219725920498,4867.67,Two year,Bank transfer,-0.3665291824070732,29.230304655483753,0
29,30.94688600544539,3564.19,One year,Bank transfer,1.3107605273633538,81.10872462002584,0
27,109.44799309680674,1118.05,Month-to-month,Bank transfer,-0.9906343902140138,8.757557341617472,0
63,119.14753351450481,70.15,Month-to-month,Mailed check,-0.9921477886932202,80.56753790427041,0
68,26.151702623923505,162.53,One year,Electronic check,1.804834365643998,66.9183652199143,0
60,108.29062691374612,102.57,One year,Electronic check,-0.14555669853638353,73.24414591304492,0
47,71.60790204436167,227.06,Month-to-month,Electronic check,1.2465455932310676,43.22131875850235,1
18,110.651371944458,2731.77,Two year,Electronic check,-1.5987028618289345,67.97257960017582,0
3,77.13189419195741,4609.43,Month-to-month,Mailed check,-1.5186032695908531,60.902894470691585,1
34,86.21120101065647,2649.58,Month-to-month,Electronic check,-0.9129445155784212,76.89801952286295,0
63,74.37789079973993, ,One year,Bank transfer,-0.48146077653268887,44.67698344682521,1
48,106.44928803073485,253.97,Month-to-month,Bank transfer,-1.403286596653112,47.282562489630244,0
16,93.39099189537018,1199.43,Two year,Electronic check,0.3692964764299996,64.35762227398202,0
43,72.12603121804149,1033.04,One year,Bank transfer,0.4345941686567821,10.80774936663883,0
29,106.8160804051547,177.2,One year,Mailed check,-0.8981428778385375,43.62444483643173,1
45,44.52855322553346,2700.85,Month-to-month,Electronic check,-0.8185986993908019,97.19508452598056,1
5,35.7340659702526,1100.98,Month-to-month,Electronic check,-0.6867814338515613,3.7552320060045608,0
36,36.040010533007205,3518.48,Month-to-month,Mailed check,-1.1648857988930412,31.60047228663938,0
23,53.40088787452379,504.43,One year,Bank transfer,-2.8955576999779176,31.410981908937075,0
45,43.86900313010175,1185.78,One year,Mailed check,-0.08504030614486552,63.346411923577264,0
52,113.00903505097386,805.5,Two year,Mailed check,-0.4304376927009767,10.58003594241399,0
59,30.5834093828584, ,One year,Bank transfer,-0.3281458448265735,62.85440308788611,1
62,89.89907380395877, ,nan,Mailed check,-1.011803521008772,9.504024065161943,0
31,38.92215397850059,0.0,One year,Bank transfer,0.810497499150267,9.4953647418331,0
32,108.16371327703501,3307.47,Month-to-month,Bank transfer,2.425391589417081,72.81833571884823,0
66,116.13152881849074,1755.08,Month-to-month,Mailed check,-0.8340848560211556,32.41351738327963,0
17,66.54700087699835, ,One year,Bank transfer,1.3996961389723481,97.74229477137479,0
24,107.90714802281316,486.48,Month-to-month,Mailed check,0.3666498121472938,3.735293643555493,0
53,20.514517075471478, ,Month-to-month,Bank transfer,0.03541989178243387,44.51066637179941,0
57,101.99469174081001, ,One year,Electronic check,-0.34412273656283127,11.313593767402363,1
66,42.86251615249235,2659.13,Two year,Bank transfer,-0.08321687023399217,35.137896675810865,0
45,110.87013092693678,5414.22,Month-to-month,Bank transfer,1.1495906896986263,99.82224506090506,0
23,20.11201114801095, ,One year,Mailed check,-1.1380809609565123,88.88425117385317,0
31,75.6181735039757, ,Two year,Bank transfer,-0.27500673115145136,4.8324408855396905,1
46,95.66358037849346,2364.65,Month-to-month,Electronic check,1.2490002078225029,56.32558438256834,1
22,45.868833069790796, ,Month-to-month,Electronic check,0.9837146935279972,64.78223048244357,0
65,39.31328645872931,7975.42,Month-to-month,Bank transfer,-1.1225859389502435,20.95346239501257,0
26,28.409822446798465,1260.61,One year,Bank transfer,-0.18259187778104524,14.510557339645025,1
1,52.6433576503293, ,One year,Electronic check,0.7280078478340273,90.43811346655234,0
16,75.98443123088295,3678.61,Two year,Mailed check,0.6634281193210969,96.88164414833767,0
32,31.584385678025768,528.7,One year,Electronic check,0.9751345212432878,99.18928573196418,1
8,57.66953619867988,260.05,Month-to-month,Electronic check,0.38428588816729775,78.97617737346346,1
42,20.907240465272498,7062.63,Month-to-month,Bank transfer,0.551953147995784,66.35020694052571,0
47,101.86794204998418,242.5,One year,Bank transfer,0.3427964219271587,34.573025219299794,0
38,32.84487180931914,3664.15,Month-to-month,Electronic check,1.5797330775278906,17.139831232475245,0
41,48.334294826558164,589.48,Month-to-month,Mailed check,-0.42181117943121815,7.89805993662317,0
25,21.842771873821746,4457.42,Month-to-month,Electronic check,0.048191162945217164,69.3297468551492,1
49,63.22407838925123,1676.21,Month-to-month,Electronic check,-1.0149688323177093,78.47234151793583,1
24,104.01215027412188,782.18,Month-to-month,Mailed check,-1.2120217668044124,82.645365245498,1
23,59.21512114451966,2628.86,Month-to-month,Electronic check,0.32495670105838087,91.37650033037986,0
12,37.94973234238334,3310.64,Month-to-month,Electronic check,-0.7241862659418522,87.99295636383737,0
59,95.36988340505192,54.81,Month-to-month,Bank transfer,-0.05768560289735612,99.97412722580926,0
6,98.88069818707443, ,One year,Mailed check,1.6177493105242091,24.406401096725126,0
56,37.375347530756684,1433.58,Two year,Bank transfer,1.5599377023728207,76.33076152122106,1
35,97.08541085409898,2538.44,Month-to-month,Bank transfer,2.2240447786883,58.645951237479764,0
44,114.7297888256338, ,One year,Mailed check,1.6376525083991214,26.124513245358237,0
19,36.637758693227234, ,Month-to-month,Mailed check,2.40301819178549,98.19053222869428,0
64,97.09842925321355,3025.25,One year,Electronic check,0.43652966781256114,89.78981047742522,1
7,90.85720046026293,1754.1,Two year,Bank transfer,-0.9030205826445835,12.851566844411643,1
15,67.35738884350886,2624.69,One year,Mailed check,-1.0003925694854803,2.6158342323419848,1
13,25.79204605587983,1488.44,Two year,Bank transfer,1.3963306074415196,68.83307623326769,0
14,27.469441775785402,5627.61,Month-to-month,Bank transfer,0.05162650281041989,60.41306288565351,0
65,105.24146591986477,1234.34,Month-to-month,Mailed check,0.12613151584601573,93.58156241111459,0
31,119.0148372750647,3593.14,Two year,Electronic check,-0.5490710879538135,23.400528716036984,0
62,87.60522571867544,5016.47,Month-to-month,Bank transfer,-0.4291739396492827,8.438794789498704,0
50,64.59583070103216,1447.65,Month-to-month,Mailed check,0.38375928977692547,25.921533377198646,0
24,84.75736434019076,1372.85,One year,Electronic check,-1.0552234901240367,1.892764051146345,0
57,79.43958592285453,1582.1,Two year,Bank transfer,0.2571384658080956,3.5892751188932426,0
62,58.36122604056218, ,Two year,Mailed check,1.5110801951351294,91.48578059207595,0
61,26.562614457401295,6145.79,Month-to-month,Bank transfer,-2.133635841658821,35.201658250187826,0
21,102.15129474074409, ,Two year,Mailed check,-1.5413118780771136,41.080900100968066,0
57,57.18335292387246,1069.12,Month-to-month,Mailed check,0.6756099615030581,1.837165453810441,0
57,101.87856433570937, ,Month-to-month,Bank transfer,1.3639678736608631,27.05217801718466,0
48,45.25087496883822,2790.58,One year,Bank transfer,-0.4898927301396818,80.4725983741431,0
51,20.10294798456334,1175.34,Month-to-month,Mailed check,-1.9982406150445386,61.54909596667192,1
41,35.89382832767565,2395.0,Month-to-month,Electronic check,1.431924173940752,75.37806010864153,1
69,66.85394167685843,2921.91,One year,Bank transfer,-0.8110651519145244,44.721374079378506,0
14,114.43036349578298, ,Month-to-month,Mailed check,-0.3612463429276125,30.972922175133,0
53,30.2193619693719, ,Month-to-month,Mailed check,0.3190448723197766,48.28100933283703,0
59,105.4209774461566,1458.5,Month-to-month,Electronic check,-0.6664333719107574,32.307106840575116,0
7,72.7024096211862, ,Month-to-month,Electronic check,-0.8761297271571948,83.8971096674068,1
52,102.59207657998967, ,Month-to-month,Electronic check,-0.8578001925640888,29.767371559284573,0
59,49.83744309899926,784.86,One year,Bank transfer,1.8579285609276832,65.97636404530837,0
4,103.99471646724719,0.0,One year,Mailed check,1.1596135884252812,13.698222230952783,0
67,97.28227800168045,1467.44,Month-to-month,Mailed check,0.5745173406171817,68.686649373491,0
5,43.00536830314339,6028.27,Two year,Mailed check,-2.186433225734566,91.32997116000338,0
46,33.13351264093781,5446.35,Month-to-month,Electronic check,0.5781918950555868,60.858315463990834,0
54,106.80543225322928,172.07,Month-to-month,Mailed check,0.5242002084094691,55.98553800344772,0
39,116.3236653440132,1427.79,Two year,Bank transfer,-1.2781331401851659,96.11182680216402,0
51,23.130231374751624,1985.97,Month-to-month,Electronic check,0.2587101334738328,62.73965553158464,1
15,93.12700669736856, ,nan,Electronic check,1.051492496258689,25.955043327308257,1
12,110.95245109478184,4204.19,Month-to-month,Electronic check,0.5693659185937734,29.23910238477404,0
29,105.73600920924986, ,One year,Electronic check,-0.6801694017002259,70.53066425359272,0
18,116.45204722702086,7065.84,Month-to-month,Bank transfer,0.01326464308397327,73.54365938921863,0
16,96.00940784380971,840.97,Month-to-month,Mailed check,0.7303569312011988,30.34962317890152,0
62,64.22987623809102,5184.07,Month-to-month,Bank transfer,0.05945203421764927,34.53439779263302,0
18,51.19519904951304,4249.69,One year,Mailed check,1.2542848891068952,99.1056508739087,0
57,52.07427404381274, ,One year,Bank transfer,0.3956815568401087,10.195254958027745,1
54,92.4422672614117, ,nan,Electronic check,0.7529226652878308,40.46450284400993,0
61,94.58370120309642,1383.99,Month-to-month,Electronic check,0.8214006469917599,6.2447531197507455,0
22,40.03591435487127,2652.55,Month-to-month,Bank transfer,-1.066682703305863,82.1078361998241,0
8,106.8122813490531,754.26,Month-to-month,Bank transfer,0.04998603535667909,9.234583894543224,0
11,91.49240402022477,263.52,One year,Mailed check,-0.33235447351896474,67.40073564627112,0
0,76.27502863433827,2398.13,Two year,Bank transfer,1.0438459948070786,5.648342400348206,1
57,67.15324601025128,1648.95,Month-to-month,Bank transfer,0.4632330467040246,67.28550378096911,1
0,74.32328057899582,4532.35,One year,Mailed check,-0.18821246210559028,84.30369469277032,0
33,35.92457382792645,3926.88,Month-to-month,Mailed check,-1.2818514034426631,39.88215269240574,0
47,40.370124927627415,1322.43,One year,Mailed check,-1.596908332120541,52.212649343217684,1
0,29.116449040619166,5060.36,Two year,Bank transfer,0.31034261994495355,40.15417380052825,0
15,35.36580381611127,3894.15,Month-to-month,Mailed check,-0.71721267723346,30.04887586326389,1
60,65.36936346052826,4067.29,Month-to-month,Electronic check,0.6661264680972329,80.32634006271282,0
63,73.0354393728256,772.51,nan,Electronic check,-1.6431402650762263,27.200257373098967,0
62,21.78618924783194,2165.94,Two year,Electronic check,1.5929511982088904,72.29434243894471,0
68,99.67978278640275, ,One year,Bank transfer,0.6638640899316747,20.619707925520224,0
21,49.41679733434779,3513.38,One year,Electronic check,0.09918508997772751,24.985379607832957,1
66,111.18360349599111,525.23,Month-to-month,Bank transfer,1.683058936402732,33.646116257721225,0
25,116.75112636137777,2134.99,One year,Bank transfer,0.9484179342211362,58.91563773937882,0
15,38.54588746766544, ,Two year,Electronic check,-0.47500323861704385,45.44223191595411,0
50,66.20972907656606,1175.09,One year,Mailed check,0.07757630977832912,74.51448098278203,1
56,20.123183516642587,5557.61,Month-to-month,Bank transfer,-1.9642742998147456,21.356730033619233,0
28,79.83272651224269,45.9,Month-to-month,Electronic check,1.0641903105488508,1.0672287848834117,1
68,80.73064482626712,2279.48,Month-to-month,Bank transfer,-0.2959516779917219,77.655747178522,0
46,44.753995560337515,388.46,Month-to-month,Mailed check,-1.977224845238982,82.16493338800724,0
61,75.84126725831979,748.29,Month-to-month,Mailed check,-1.1818385694089915,5.948016310838955,0
68,42.55401424437355,4889.14,Month-to-month,Electronic check,0.8709120484494098,61.09075221583965,0
15,36.08254690781901,3884.03,Month-to-month,Bank transfer,1.6138027150361531,37.820678387307794,0
47,85.15194668022647,3873.58,Month-to-month,Bank transfer,0.02042551891808693,79.38956551945168,0
38,52.59254639520749,747.62,One year,Bank transfer,-0.9820513419928936,87.44145541964785,0
32,79.02639388856224,3666.64,Month-to-month,Bank transfer,-1.4207496896791019,85.1003766797249,0
22,63.32467489716556,1033.24,Month-to-month,Electronic check,1.4146146181411081,77.72042473508522,0
9,118.4351407402904,2117.14,Month-to-month,Mailed check,0.44946777844722735,26.905222874216296,0
68,34.95806426675658,2771.78,Month-to-month,Electronic check,-0.3301396206447463,81.18896435683168,0
33,66.45985966358101,6509.79,One year,Bank transfer,-0.5682717860755409,53.34784759062927,0
51,88.04566263593253, ,Month-to-month,Bank transfer,0.6718296377336284,5.275661483209082,1
9,59.55450838799687,2704.65,One year,Mailed check,0.6443184940713603,45.693884989824895,0
18,117.46998518706899,1401.58,nan,Bank transfer,-0.8965844134559455,94.21579170299933,0
57,92.18876279269351, ,One year,Electronic check,-1.1423724909009423,88.78593497355527,0
0,85.69838575644931,3763.92,One year,Electronic check,-1.0919026957134945,10.226428099711605,0
68,95.70592676112233, ,Two year,Mailed check,-0.4682245804743566,74.41266857143702,0
3,115.2648638038717,2312.12,One year,Electronic check,-0.6897854535827563,80.57928659582348,0
15,110.78186529846401,1543.96,Month-to-month,Electronic check,1.6180920181695657,27.13881882367648,0
23,92.42853081264118,2555.78,Month-to-month,Electronic check,-0.5037806222594391,47.16085707410923,0
1,94.9161639101283, ,Two year,Electronic check,-1.24966644794973,71.09879414636829,1
31,34.59220740351455, ,Month-to-month,Bank transfer,-1.1934974408995274,43.90414888211479,1
23,30.279240449266567,2721.66,Month-to-month,Electronic check,-0.18397160104159538,11.279691886657695,0
11,77.09045018441643,6698.12,One year,Mailed check,-1.8221241229788405,70.58824446817215,0
49,21.836763694054,373.52,Two year,Mailed check,-0.060120713862396494,91.16386897353036,1
34,68.23563815515917,106.52,Month-to-month,Electronic check,-1.3362095004815642,65.24847284061576,1
32,41.034957991886856,4461.03,One year,Mailed check,1.1586103667417011,77.38007485690339,0
32,54.601656764483955,5723.05,Month-to-month,Electronic check,0.11656234924194496,35.83625356578285,0
60,97.5804735792956,352.51,One year,Mailed check,2.1210236015324435,18.319824512663484,1
50,114.12375042323865,6022.98,Month-to-month,Mailed check,-0.22820057950221062,64.27736616182925,0
42,27.24162721463415,2873.3,Month-to-month,Electronic check,-3.131743833970254,32.77712058412189,0
11,73.4242205976445,3113.8,Two year,Electronic check,1.4576812003562039,86.00735189897928,0
66,108.25334858196, ,Month-to-month,Bank transfer,0.5019231584770683,12.262804997800657,1
64,28.25085344404213,3514.39,One year,Electronic check,0.6569078789606734,43.34636997331237,1
32,102.45140468968339,699.43,Month-to-month,Electronic check,-1.0025835897440492,39.67276004683858,0
39,55.78013509282714, ,Month-to-month,Bank transfer,-0.04284805559538902,93.80538535539297,0
42,52.209470221933536, ,One year,Electronic check,0.18646087513565981,15.313480060440387,0
43,117.74663863147858,1967.97,Month-to-month,Electronic check,-0.23782061760609857,0.9846825012010951,1
28,40.08590898622941,4211.85,Month-to-month,Bank transfer,-1.734362825253474,23.80852128071176,0
12,89.31939408226809,3290.38,Month-to-month,Electronic check,2.7686920482590542,82.02768597686546,1
11,102.14407280098665,1871.69,One year,Electronic check,0.8358292378282252,20.932181604701704,0
45,24.118349527927165,5272.38,nan,Bank transfer,0.4205840470203958,24.08780637054827,1
1,87.03854583544123,1724.72,nan,Bank transfer,1.3138856210139793,12.98988045368108,0
34,115.15499743553269,2528.74,Month-to-month,Mailed check,0.6441922110388413,71.54362032765404,0
7,32.42199667280593,3645.8,Month-to-month,Electronic check,-0.6772028800797005,6.917419050541717,0
25,109.62213026850382,535.62,Month-to-month,Mailed check,1.24978275781769,33.120830232852164,0
33,79.4776637376936,1529.69,Two year,Mailed check,0.852216006578015,28.249872662096454,1
6,81.66045818624741,1394.1,Month-to-month,Bank transfer,-0.6392858173140586,55.51597297901548,0
67,81.29441748656059,3078.64,nan,Electronic check,0.7900146682850447,73.04162650197355,0
57,49.883588633731385, ,Month-to-month,Electronic check,-0.24057003217608117,53.28764346967474,0
28,113.52018152994597, ,nan,Bank transfer,0.20847819979861298,93.10259929750676,1
35,114.73504626310387,2800.38,Two year,Mailed check,0.5996504669132261,95.14426388873319,0
20,82.53046602139477,4383.7,Two year,Bank transfer,1.36849770130496,36.14653284985154,0
35,98.34227259416147,1652.97,Month-to-month,Electronic check,-0.6459959851270541,77.76803762748928,1
9,81.2257985881158, ,Month-to-month,Bank transfer,0.3649621806522634,73.88013832681897,0
23,68.43984475740406, ,Month-to-month,Electronic check,2.0157262262311955,89.29645917048273,0
63,86.08201182992507,1599.54,Month-to-month,Mailed check,-0.17604749602695166,44.79436402077033,0
48,75.30014525919584,1704.2,Month-to-month,Electronic check,0.1965567776995822,53.04731871977923,0
35,79.747586263193,2301.41,One year,Mailed check,2.014230474477988,41.577431358157405,1
23,98.3832553418862,5235.09,Month-to-month,Mailed check,0.6374774719491045,85.03769192997056,1
22,68.09038314489848,1357.02,One year,Electronic check,-1.4739802791611158,22.970231536213436,0
61,24.075410609247278,2011.69,One year,Electronic check,-0.7954776521543648,23.97090782424447,0
36,36.39994809894972,1039.82,Month-to-month,Mailed check,0.689579214365443,37.26051035770798,0
11,63.860721648953835,4160.88,nan,Bank transfer,0.42300490789047507,23.034283210235117,0
54,92.48265598740583,1222.28,Month-to-month,Electronic check,0.16257986673881944,56.100683641492076,0
12,79.32786483101788,2109.46,Month-to-month,Mailed check,2.1612241831664645,13.44901064955023,1
22,85.02941858734539,2274.41,Month-to-month,Mailed check,-0.6174871561583948,32.01862194040553,0
29,67.92789285762873,282.76,Two year,Bank transfer,-0.07441382343203615,91.344469847559,0
16,81.57420219422428, ,Month-to-month,Electronic check,-1.9631102094382356,40.922548019179594,1
61,52.90174378146622,7508.45,Month-to-month,Mailed check,1.160659888800972,74.82337164935092,1
12,67.01825926966652,2775.92,One year,Bank transfer,-0.79885230106258,11.3462191706574,0
58,94.42790655949555,124.82,Month-to-month,Mailed check,1.057136768800929,24.756450814178464,1
18,107.18327789731212,2119.58,One year,Electronic check,0.9520301314373013,80.73456212003686,0
48,63.36553339563889,4339.97,nan,Bank transfer,2.3490992587877786,76.29929362896941,0
11,24.366165770736117, ,nan,Mailed check,0.6492755765312118,38.615591859382114,0
60,36.167254414680265,3727.88,Month-to-month,Bank transfer,-0.3560866243201088,95.43969020334742,0
18,22.08611392915381,1555.95,Month-to-month,Electronic check,0.4536229599970921,91.06430158345454,0
8,85.32630192373301,2331.63,Month-to-month,Bank transfer,-0.7592528478285878,96.23007491122398,1
70,53.23146253551089,0.0,Month-to-month,Electronic check,0.31916017750890896,42.791469018778535,1
27,74.24786357193675,7835.26,Month-to-month,Mailed check,-0.2009025055423723,19.747358368568303,0
51,69.32768467837997,1027.27,Month-to-month,Electronic check,-0.07033844967187146,62.6658639091341,0
15,28.152648955242668,514.44,nan,Mailed check,-0.8983664879275637,68.47731582791985,0
68,60.32613611238318,1317.34,nan,Mailed check,0.30044605976277644,12.544178445052001,0
11,42.05611249223233,1154.56,Month-to-month,Electronic check,0.8242300256860687,78.6483034295906,1
24,61.83997886676527,5966.91,Month-to-month,Mailed check,-1.652096794671727,1.8060219759960527,0
51,40.35782803422427,1192.81,Month-to-month,Bank transfer,-0.6885926532651374,48.272838747678335,0
52,104.04524062769335,272.39,Month-to-month,Mailed check,0.16804716918027035,33.10162594948949,0
22,37.41933365782536,1720.79,One year,Electronic check,-2.347316641213414,74.03030598990841,0
15,116.0780551486977,430.16,One year,Bank transfer,1.7402644337129187,31.276072742181594,0
56,61.59073661469408,1364.81,Two year,Bank transfer,-0.711110814553055,82.68071127810327,0
38,104.62452920190493,2777.28,One year,Mailed check,-0.9380875187584282,59.49534887808105,0
52,82.8764818205945,2570.84,One year,Mailed check,-0.20734227625678847,79.38933617620721,0
41,93.53502986657526,794.42,One year,Electronic check,0.1373728387982237,98.93406378396237,0
57,96.77238880667802, ,Month-to-month,Bank transfer,-0.7564728979523375,67.91583457435569,0
38,70.48448818930177, ,One year,Electronic check,0.980413665988927,98.49503163616441,1
13,74.33005233632883,3791.57,Month-to-month,Mailed check,0.3997065394412232,2.8836326921705346,1
4,71.3995867808725,3022.12,Month-to-month,Bank transfer,-0.8372418936053557,33.81399884838084,1
34,78.80583780900793,1128.75,Month-to-month,Electronic check,-0.5224051169223715,10.785326456230916,0
17,22.93944457565073,6377.83,Month-to-month,Electronic check,-1.5167696963903192,26.230493138443954,0
8,59.551516984901525,3513.07,nan,Electronic check,-1.253340895534836,83.88878991257744,0
57,80.61887135611715,4452.44,Month-to-month,Electronic check,0.3875983282123615,3.232326532609031,1
16,79.77235652558643,3030.4,Month-to-month,Electronic check,-0.8268645560698286,52.01829357323937,0
6,99.29560946056316,518.96,Month-to-month,Bank transfer,1.8042844530490925,56.7128707532373,0
45,85.50093388321085,2289.97,One year,Electronic check,0.07092320030914248,56.11511466719561,0
12,119.21333163406723,1166.98,Month-to-month,Bank transfer,-1.3528234251039952,47.52970738232557,0
39,48.385452860864504, ,nan,Electronic check,-1.1433472860675626,79.06029647697554,0
41,55.915102966623145,5191.98,Two year,Mailed check,1.052969694681428,13.354308950555115,0
8,58.38471518677963, ,One year,Mailed check,-0.07651360260907436,31.057701555078733,1
49,66.58128070202486,5091.3,One year,Electronic check,0.9919948265576358,61.57260534451727,0
26,103.59980637812095,4145.36,Month-to-month,Mailed check,-0.36648798007806566,69.09513662679558,1
65,43.579209395920984,254.73,Month-to-month,Bank transfer,-0.5602320925035101,40.41484317770563,0
4,97.60002070354295,1482.82,One year,Electronic check,1.119447371034385,87.53712633272332,1
28,60.53101830857434,2452.81,Month-to-month,Bank transfer,-0.8585773770285927,41.54933966959143,0
36,80.18553836620086,1467.72,Month-to-month,Electronic check,0.4890541333703617,40.27761343483331,0
37,83.25405332263061,709.97,One year,Mailed check,-0.21178361040136787,3.6207261487384956,0
7,57.28486371889345,935.2,Month-to-month,Bank transfer,0.8787234133757746,55.114133619473385,0
64,71.26152052058052,2678.37,nan,Mailed check,1.8184839875357999,70.8680838511905,0
16,61.3031174647697,5506.46,Month-to-month,Mailed check,-0.39217768320100915,11.44381635168481,0
70,26.913278618661945,2933.27,One year,Electronic check,-0.5471421387964559,30.543276608787085,0
44,63.71653888168265,6405.73,One year,Bank transfer,0.6658083890373555,78.12569537828522,0
3,29.73933925535522,2458.94,One year,Mailed check,-1.0820035952030682,36.591943541357544,1
35,60.50207990803215,3624.69,Month-to-month,Electronic check,1.6164654578500353,24.16024620400399,1
69,79.29183998317819,1285.76,One year,Electronic check,1.4460225500564732,67.22006635651123,0
30,77.94148993435007,5537.56,Two year,Electronic check,-0.9991196391604305,19.675877767165563,0
18,86.26212790083204,611.86,Month-to-month,Mailed check,-1.5831248194069063,89.56529195831769,1
60,29.526150795462627,1716.47,Month-to-month,Electronic check,-1.1605771528562179,10.559839602614096,0
53,85.21232455304379,403.67,One year,Bank transfer,-1.1453696399591178,70.6549802282827,0
38,51.214805669644704,2373.98,One year,Bank transfer,0.8017605643549766,49.954870128637516,0
18,59.90459461371111,3285.42,Month-to-month,Mailed check,1.5491703157794035,86.99295623969935,0
38,105.79862539227058,0.0,nan,Bank transfer,0.7901262126188239,12.61950910262366,0
66,20.903040412955026,866.35,Month-to-month,Electronic check,-0.23619221661645742,67.78949184960878,0
44,78.84126333406054,2061.21,Month-to-month,Mailed check,0.34249846691041386,57.20546391813814,0
12,79.87139801001075,6366.05,One year,Electronic check,-0.8697780328050354,48.009014224004645,0
57,59.665977634356196, ,One year,Mailed check,1.0972080455642323,49.14072634326684,1
19,43.702785710833616,6798.76,Two year,Mailed check,0.4320289399825326,72.19769617985308,0
71,43.467403826155106, ,nan,Electronic check,0.773197782016463,93.77416549348222,0
60,108.37096696607526,7082.61,Month-to-month,Bank transfer,-0.7275357018597756,9.125165911904809,0
38,64.20243737828575, ,Month-to-month,Bank transfer,-0.1685971868686465,1.950264761052023,0
0,53.08893629891719, ,Month-to-month,Mailed check,0.725073139981203,80.57047924812035,0
2,64.8777573831403,6560.65,One year,Electronic check,1.4435128995236148,10.816938755075933,0
61,86.93904014593613,615.23,Two year,Electronic check,-0.6080997594485849,98.66967960804239,0
62,34.57565682447517,2335.17,Month-to-month,Mailed check,0.7804519071708196,61.93482489588372,0
24,64.94338352137376,5181.49,Month-to-month,Bank transfer,-0.7120717966102839,65.08663952541407,0
55,78.78843711103869, ,Month-to-month,Electronic check,2.117193772826609,19.88917029380174,0
32,114.85833548514337,3732.15,Two year,Bank transfer,-0.41482470827252926,24.031231029667445,1
37,45.25277820754192,5075.08,Month-to-month,Bank transfer,0.6435051740521115,65.93503030992501,0
5,55.92507479162455,4016.93,Month-to-month,Mailed check,0.16560961523363255,90.97268379341969,0
57,57.93585899224238,1033.8,One year,Mailed check,2.6053031213604934,98.23905545175666,0
43,80.55381576448829,7056.53,Two year,Bank transfer,0.22990160802456372,19.803094663109366,0
44,55.67320530400016,2826.73,One year,Electronic check,-0.5150560229901281,13.411962270979016,1
31,73.35119252996955,2926.85,One year,Electronic check,0.6395065126130629,5.640135776079047,0
44,98.17903298450294, ,Month-to-month,Mailed check,0.6172408667753729,86.82970181613278,0
60,90.53855941122036,1676.37,One year,Bank transfer,-0.15746986375894198,29.471484685646875,0
46,64.63686465125855,2422.64,One year,Electronic check,-1.0947658642281084,0.18120338692516613,0
20,106.42161776741689,3715.29,nan,Electronic check,-0.5279988613903566,22.381808605642885,0
35,75.81402495938629,931.08,Month-to-month,Mailed check,0.8814989481449192,34.044108009941844,0
18,73.99058395022125, ,Month-to-month,Bank transfer,-1.7474489462339629,99.09861694966852,0
19,23.41877659391582,1533.06,Month-to-month,Electronic check,-0.2480458993857131,52.354159385708165,1
56,118.66929803571615,32.74,Month-to-month,Mailed check,0.9948639218167833,20.47139475951013,0
17,32.29708085296267,3010.15,Two year,Electronic check,-0.09349621900004769,33.48183447134511,0
46,43.11309124276466,2048.42,Month-to-month,Electronic check,2.173710139552743,33.030768755687845,1
48,25.169683724152698, ,Month-to-month,Electronic check,-1.7446502402986523,1.9725746463175486,1
13,84.00029668369137,5102.99,Month-to-month,Mailed check,-0.9613678689194338,13.518305417143006,0
14,42.470117697267995,544.11,Month-to-month,Bank transfer,-2.314633802252788,69.51964597032112,0
30,38.00104374727235,889.65,Month-to-month,Mailed check,1.9936905667452993,12.025098657073464,1
0,28.855558422324137, ,Month-to-month,Bank transfer,-0.9449871507516305,23.073427660611877,0
53,30.330895712401567,2317.01,Month-to-month,Electronic check,-1.9869213117283329,35.07372984043088,0
2,78.46707004425888, ,One year,Bank transfer,-0.6119193144254346,75.77349445022938,1
15,88.82078658665954, ,One year,Electronic check,-1.39280910818847,58.24009648679398,0
56,59.7378988464401,3318.09,Month-to-month,Electronic check,-0.6047848903054027,68.89999849885683,0
11,67.98970815920732,1060.69,nan,Mailed check,0.041229250944903754,56.70123254201722,0
15,88.59677359829841,24.2,One year,Electronic check,0.8049211040471006,68.3592425221869,0
71,21.737979018547964,2513.26,One year,Mailed check,-0.1746689401109378,0.28421536639724465,1
23,52.31306570702785,76.34,Month-to-month,Bank transfer,0.02529069933467607,93.08981443714295,0
27,117.30977480703464, ,Month-to-month,Bank transfer,-0.5815952230701306,11.092023087480651,1
7,78.01122296954681,4086.92,Month-to-month,Electronic check,-1.511698227249659,40.62490959769048,0
35,45.422457989749326,74.56,Month-to-month,Mailed check,-1.8465402429659012,77.10383702448547,0
7,72.17300466362131,4726.83,Month-to-month,Electronic check,-0.36448578033636125,43.52307180094239,0
57,54.26534881209153,715.53,nan,Mailed check,0.08463977854321375,94.68425516675158,0
59,73.22449888262992,2425.45,Month-to-month,Mailed check,-0.4386145212262509,46.758894849876675,1
49,32.574151180664884,7610.99,Month-to-month,Mailed check,-1.809326992861342,87.49394056026713,0
27,33.27146538192774,2330.36,One year,Bank transfer,0.20140009326817182,81.0828113362271,0
40,34.35423620393929,5027.2,Month-to-month,Mailed check,1.629304882904314,98.09863027986832,0
63,113.98197919268418,1481.31,One year,Bank transfer,-0.1146465135111478,92.65477807509754,1
26,93.28989183413418,3102.66,One year,Mailed check,-0.5795305775760826,89.81238347128787,0
62,36.238189466232086,648.01,One year,Bank transfer,-0.060494040243519155,73.16043405194684,0
16,38.83490837656014,2044.32,nan,Bank transfer,-1.1043798445631188,36.699814726822076,0
32,93.08294748708764,1859.34,Month-to-month,Bank transfer,-1.1688991292961486,10.612541856490243,0
28,35.616384479217395,3354.55,One year,Electronic check,0.45141408809463646,68.864505226439,0
12,43.45612933348286,1551.1,nan,Mailed check,0.9903215290323324,97.86540813379649,0
45,116.3346832820399,1138.96,One year,Electronic check,-0.14709835219442016,72.6604437331869,1
34,45.53065247284319,1300.19,Month-to-month,Mailed check,-1.9737650476157669,92.87293692773355,0
5,86.16323503711467,934.91,nan,Mailed check,0.3533489265357507,80.43047129555167,0
68,117.86312874005304,3952.51,Month-to-month,Electronic check,2.0673821703374484,16.31146751166788,0
46,57.42967671397926,2548.6,nan,Bank transfer,-0.24389816344828477,24.92037705912873,0
24,21.751599086206223,5363.11,Month-to-month,Mailed check,-0.1778457754034229,34.186560176235034,1
65,44.414729042237425,3022.74,One year,Bank transfer,-0.8726335301139383,16.826044433800412,0
9,103.08771913417054,3382.12,Two year,Electronic check,0.4813539978934099,58.165133267300675,0
55,106.46088359550367,2579.16,Month-to-month,Bank transfer,-0.6709834644946127,97.54505241349513,0
29,96.85193645237912,1949.45,Month-to-month,Mailed check,1.0215018976685943,76.14588334361586,0
4,31.3109819076573,2004.28,Month-to-month,Mailed check,-0.6575805464851556,42.338674906746185,0
32,99.55103716964031,671.38,nan,Mailed check,0.3417914681189638,0.4504480980288661,0
64,111.86777969935042, ,Two year,Electronic check,-0.04634424605956014,31.32760111381787,0
17,80.06095425462361,2504.28,One year,Mailed check,1.5551116193093004,52.67592876922153,1
48,114.08753563380648, ,One year,Electronic check,0.4094793861980484,32.42508738519706,0
10,102.68388837118775,1586.36,Two year,Bank transfer,1.387007319124921,11.103492302385954,0
25,86.69715169909072,2585.95,Month-to-month,Mailed check,0.10862350077716665,44.276495686189456,1
62,77.71852367117481,2720.17,Month-to-month,Mailed check,-0.17074030051428166,25.325281696571622,0
58,54.85736672419705,5367.61,One year,Mailed check,-0.038190769535225016,90.92323764615014,0
26,35.92874452428052, ,Month-to-month,Bank transfer,-0.7714092013771926,10.175452850101575,0
48,80.49539226905408,936.66,Month-to-month,Mailed check,0.5316687837038719,4.915262872471038,0
32,51.81115536181195,3470.3,Month-to-month,Electronic check,-0.6903583408034867,0.5314169154862047,0
0,106.64386675276454,1935.85,Month-to-month,Bank transfer,0.11246304151784953,32.806968448565776,0
20,119.33369373586285,4743.66,Two year,Bank transfer,0.855201966463912,66.03868382008886,1
54,95.24277626155725, ,Month-to-month,Bank transfer,1.5835489097769386,73.04137528817927,0
5,29.048169528705074, ,One year,Bank transfer,0.1628600838649901,45.32616833817231,0
68,48.86855955306381, ,Month-to-month,Bank transfer,0.8612070560660324,68.43286504552667,0
4,30.910963176574974,3070.15,Month-to-month,Electronic check,0.7418877503808142,35.99140362153634,0
2,85.05116477917157,2899.48,Month-to-month,Bank transfer,-0.3823770908209757,66.78062199866169,0
52,96.51908645557846,3482.4,One year,Mailed check,2.1078034544241775,4.0595985302373405,0
22,112.56748308807119,6235.54,One year,Bank transfer,-0.5762422028789433,39.075298456700416,0
52,63.817234641198766,6736.54,nan,Bank transfer,0.09099462614956542,79.08496776331792,1
36,110.13756495884444,3411.57,One year,Bank transfer,1.4541197533984276,80.30060304590013,0
16,107.78911590413276,1820.71,One year,Bank transfer,1.4294582427988234,71.61487788756946,0
0,51.71957167653986,912.43,One year,Bank transfer,0.014320398035661503,20.42386205698644,1
50,106.8900625540571,1721.92,nan,Electronic check,0.9904167478406279,24.720511893063325,0
44,57.56722518817265,5385.39,One year,Electronic check,-0.22397233644355546,99.60887272645122,1
3,49.68692745602808, ,Month-to-month,Bank transfer,-0.48867889029905814,10.33780072019599,1
61,84.90746587943931,2680.92,One year,Electronic check,-1.2127890731184399,18.06626989024094,0
64,52.83812278850811,1618.57,One year,Mailed check,0.7238813654792804,13.00262556501326,1
31,83.02087483291442,799.77,One year,Bank transfer,0.829220931268456,32.76549636836156,0
33,80.98318054986945,5095.27,Month-to-month,Mailed check,-0.5678892955556617,21.017583523392336,0
71,76.34389273484588, ,Two year,Mailed check,0.26810003398523485,49.76879595477721,1
38,58.04197042327977,5823.37,nan,Bank transfer,2.650988427871934,47.60207068801199,0
25,74.84997216514768,6431.12,Month-to-month,Mailed check,1.1466823001173643,90.15056194513032,0
33,79.64854749854216,530.55,Two year,Mailed check,-0.9014839425788614,3.4739947444781483,0
53,74.56868884954734,2589.4,Month-to-month,Mailed check,1.0015622797633879,31.987957666776335,1
2,64.44194527512016, ,Month-to-month,Bank transfer,-0.8968617812506808,59.66578919970902,1
49,21.46670570462638,3541.23,Month-to-month,Bank transfer,-2.895218311854685,60.480176184396385,0
11,78.7061707701151, ,Month-to-month,Mailed check,-0.02041214326612865,48.01262290142092,1
64,36.844438514271964,3475.49,Two year,Bank transfer,1.563201459592985,81.56655408146337,0
53,84.25759689471896,189.33,Month-to-month,Bank transfer,1.3974479604369414,6.272217141445879,0
4,95.9344327922866,3671.78,Month-to-month,Mailed check,0.3772351690926547,81.54877655801359,0
56,70.04453091307414,4986.11,Month-to-month,Bank transfer,-0.5417294132498943,49.47542404357036,1
16,74.23636649797383,2426.61,Month-to-month,Electronic check,0.48644968391264654,13.376069507700217,0
46,115.14785596659911,5499.75,Month-to-month,Bank transfer,-0.2691601703109106,88.57019135404776,0
22,104.71673613725741,2805.28,One year,Electronic check,-0.5136556919693108,64.92287795409635,1
13,111.42365159514699,3206.39,Month-to-month,Mailed check,1.062002202305571,16.354568682413927,1
65,101.37662883195864, ,Two year,Bank transfer,-0.526035779710593,3.364972339902661,0
50,30.891834184673144, ,Two year,Mailed check,1.127236556476076,14.110964833264926,0
37,34.89918559701947,1243.99,Month-to-month,Mailed check,-0.5921859619638129,60.87979601803936,1
63,72.66237972689595,3846.19,Two year,Mailed check,2.0584919548228893,17.929623526004846,1
37,44.60696587979982,6449.73,Month-to-month,Mailed check,-1.6406344402851192,22.57630748750281,0
49,67.66954750411591,1315.7,Month-to-month,Mailed check,-0.9567693317045679,2.513972575631418,1
29,59.43653238183502,4786.27,Month-to-month,Bank transfer,-0.15536773419032274,72.29306722386036,1
50,74.94142384304533,510.82,Month-to-month,Electronic check,-1.984043903188063,81.03643997594371,1
62,94.68757161358226,3836.83,One year,Bank transfer,-2.570986142755166,79.68481767721232,1
51,91.54909070992744,1656.63,One year,Bank transfer,-1.9754076169106085,12.756815136428424,0
37,72.12341324853344,2861.45,Month-to-month,Bank transfer,-0.2920892103110081,90.33011273887594,0
29,102.23934188170581,3992.02,One year,Bank transfer,-0.26671000988411303,67.227882947408,0
50,63.08620915380333, ,Month-to-month,Electronic check,0.3329994812328657,89.75286223768644,0
4,109.67142898401224, ,One year,Bank transfer,-0.19700148177634239,44.71605045306636,1
28,27.12802700551639,1418.59,Month-to-month,Mailed check,0.2995164645108491,43.69548610836978,1
3,115.46600300333074,332.0,Month-to-month,Bank transfer,-0.45021641443840227,78.45365186848953,0
9,85.46930814313482,3108.83,Month-to-month,Bank transfer,0.7148157574716811,9.329785547674351,0
55,58.00745089372053,1045.91,Month-to-month,Electronic check,0.594310003173522,52.08740366348857,0
16,39.715412657287736,3047.7,One year,Electronic check,-0.32669261985751913,83.63842356312257,0
16,67.91832294436, ,Two year,Mailed check,0.5330114346723904,83.01925630695713,0
68,39.4558323185301,3818.18,Month-to-month,Bank transfer,-0.1906459359486694,95.6132856342369,0
33,36.63316077431422,1692.99,One year,Bank transfer,-1.5223259153931055,69.82725935305464,0
5,81.73517574129741,2065.92,One year,Bank transfer,0.9044966413826214,20.777062943972837,0
52,72.30847245817847,4214.2,Two year,Mailed check,-0.9068160465984293,2.028031489458082,0
65,87.00960346109417,2727.24,Month-to-month,Electronic check,0.8938239551417672,47.94157986271019,1
42,112.96058774219892,2571.12,Month-to-month,Mailed check,0.32402677211702346,51.370386562255554,0
22,73.22602133390401,4493.9,nan,Bank transfer,-0.08452230901712275,24.026258449893145,0
54,78.09320532627977,763.7,One year,Electronic check,-1.876993395451086,12.46974471236032,0
15,28.962633915494212,2860.35,Month-to-month,Electronic check,1.5397455574144439,58.6208166190509,0
7,91.76357859086295,1530.5,Month-to-month,Mailed check,-0.3631138613540884,76.42556740241413,1
3,59.99052068041562,4740.02,Month-to-month,Electronic check,0.6345635871555829,99.31541035901606,0
3,117.67252386625789,202.54,One year,Electronic check,-0.11397412337078112,75.83026172105185,1
55,102.31740155956602,3718.04,One year,Bank transfer,-0.27143533556238797,79.3632414255581,0
24,72.24810405161183,3618.52,Month-to-month,Bank transfer,0.19280783839698937,61.64608782287975,0
66,32.322265417216606,5133.26,One year,Electronic check,0.026572283441846933,98.59226589700178,0
66,105.94157932805892,4963.92,One year,Electronic check,-0.2669927901757878,63.995638511457045,0
26,99.97810954240217, ,One year,Mailed check,-0.05531455861215256,86.02532863997044,0
31,38.4585129537033,4305.8,One year,Mailed check,0.4270646562717101,94.57846462409557,1
49,49.527828922031006,874.26,Two year,Electronic check,0.49781917675829457,92.9858500500561,0
60,99.34072581478372, ,Month-to-month,Bank transfer,0.04335721274392945,38.14153437833565,0
50,38.522844654740965,0.0,Two year,Electronic check,0.620936989814439,7.866205831425866,1
18,111.77524891713773, ,Month-to-month,Electronic check,-0.4240698044430865,17.187370253924684,1
20,62.45274251963619,1159.27,Month-to-month,Bank transfer,2.2248863809964554,5.922330539660747,0
4,28.703896258765866,621.73,Month-to-month,Bank transfer,1.4855886080077807,10.539693482914004,0
41,101.57486435042809,1161.16,Month-to-month,Mailed check,0.7624429948316113,18.465124589369765,0
60,57.35096830383876, ,Month-to-month,Mailed check,-1.9415804938370504,34.10943165874018,0
21,72.6499194153781,1678.69,Month-to-month,Mailed check,0.606019138854982,54.35396465750758,1
20,31.230434441121915,1393.83,Two year,Mailed check,-0.33663708286205446,71.1682059355086,0
69,20.25840148449824,384.66,Month-to-month,Bank transfer,-0.9786807314093529,21.092733610651194,0
0,83.79852057932976,1008.8,One year,Electronic check,-0.3620960503048197,67.25224042381393,1
4,71.51751703337317,358.54,Month-to-month,Mailed check,-0.8678347339294199,70.42590745024197,1
11,79.35385691231471, ,nan,Mailed check,0.5068030937595058,55.86223368661894,0
45,99.37438503805163,86.86,One year,Bank transfer,1.6159940625632276,90.36178697987106,1
33,84.66059134228601, ,Month-to-month,Bank transfer,0.8260287917067819,11.099481392181065,0
48,37.47734428273772,3171.55,One year,Electronic check,2.7625252407895857,17.71214576024195,0
44,56.07725191105998,916.12,One year,Electronic check,-1.5536124295754046,42.86648243894848,1
26,110.58911047877604,2095.66,One year,Bank transfer,-0.5060347044691067,12.671273523423887,0
25,96.9944700251679, ,One year,Mailed check,-0.9430251923423104,56.629614372408746,0
46,75.66370579367172,1088.33,One year,Mailed check,1.2293683143598584,39.84004666094244,0
55,45.56449978092723,5009.02,One year,Mailed check,-0.22055035697853806,28.459579453591843,0
62,50.206050183479505, ,Month-to-month,Electronic check,0.18951619647725393,16.998981301763727,0
47,93.19580675856345,662.57,Month-to-month,Mailed check,0.6336855319730593,33.53382383482103,0
60,105.11742608527709,1181.19,Two year,Mailed check,-1.454788850536742,60.7959350832342,0
25,87.14246695306144,269.33,Month-to-month,Bank transfer,-0.6213489632049968,57.57852108894116,0
35,100.95299757684418, ,Month-to-month,Mailed check,0.9972659536979144,16.362400021023383,0
0,96.6656135200406,5131.52,Month-to-month,Bank transfer,-0.5480879005079196,12.491981074063341,1
7,34.97039679569578,1664.64,Month-to-month,Mailed check,-1.713642969068692,2.667676260887253,0
51,62.3944812913302,1353.74,nan,Electronic check,-0.9022628876842483,1.2425593793932266,0
46,35.29838008285627,3504.78,Month-to-month,Mailed check,-0.2862680536052655,87.98104357196851,0
55,43.52355848019848,846.43,Month-to-month,Mailed check,0.16676051988942814,4.508885600538992,0
13,106.92596246510526,7372.03,One year,Bank transfer,-0.07081330995051943,73.12211098732463,1
27,67.28919656331821,926.6,Two year,Bank transfer,-0.6142178419429742,87.1985096244957,0
1,73.53581018426608,1028.67,Month-to-month,Bank transfer,0.9393134388484694,9.805784856245758,0
25,37.84459652277721,2046.32,Month-to-month,Mailed check,-0.1290609365619087,43.63014238330176,0
13,51.2271786048796,3915.44,nan,Mailed check,0.20940136199792364,96.23029831742767,0
58,43.024616842787,3413.35,One year,Electronic check,-0.560955977388432,83.41386605235851,0
55,40.61861645184264,4437.11,Month-to-month,Mailed check,1.5089402642402123,48.97040318578551,1
6,83.79607933159701,3748.4,Month-to-month,Electronic check,-0.3916311052068608,76.25711127915528,0
2,45.68838476457148,3395.34,Month-to-month,Bank transfer,0.07469286659326062,83.33776244316638,0
22,83.20154860204184, ,Month-to-month,Bank transfer,1.0349994421268802,34.80269631887193,0
17,25.845461410855393,2507.85,Month-to-month,Bank transfer,0.2800422610599593,89.2152916869961,0
37,34.17743935271019,985.61,Two year,Electronic check,0.25508969643748136,47.04733196771568,0
14,47.45402540001254,2987.92,Month-to-month,Mailed check,-1.9736555093966135,52.78073635588299,0
63,79.70469168956916,6506.84,One year,Bank transfer,0.6806350016938847,99.9707637821831,0
27,87.5841245087376,2812.16,Month-to-month,Mailed check,0.05558694021349019,84.33029661521613,0
38,64.27169667795272,5530.94,One year,Mailed check,0.5415651031725502,36.177000577298,0
56,64.5790914577229, ,One year,Bank transfer,0.18321304836883637,1.0345596472699947,0
16,92.45168513986181,5175.22,Month-to-month,Electronic check,-0.5591575571228722,62.61740737938947,0
43,21.582109176558244,249.49,One year,Mailed check,0.8943071665495947,70.39134261281077,0
24,54.10900244742206,152.63,Month-to-month,Bank transfer,0.19812661127991582,65.08026901433797,1
16,101.87070571192328,2870.47,Two year,Mailed check,-1.2893864910429098,96.78623511632131,1
12,80.32194102133722,5518.96,Two year,Mailed check,1.3085171563461624,86.29710273321443,0
24,53.722713275542034,1915.58,Month-to-month,Mailed check,-1.430479564387472,44.88316931806485,0
67,110.55247923296739,3320.63,Month-to-month,Mailed check,0.9009292342505424,6.285748747238095,0
9,97.26227274493826,6729.34,Month-to-month,Mailed check,1.486931771930207,47.605876950199686,0
66,46.48954472367334, ,One year,Electronic check,-1.1062954359632629,68.9244019962023,1
17,84.52898375257169,3805.73,Month-to-month,Electronic check,-0.1227617867378882,60.77098082270046,0
33,79.57507281889568,1495.42,Month-to-month,Bank transfer,-0.21594824613417674,53.81370677108849,1
7,60.11879140389827,1599.46,Month-to-month,Electronic check,-0.1709711551808886,46.88189580152413,0
39,56.695607920480064, ,Month-to-month,Electronic check,1.8302383552330634,29.376187302738632,0
41,54.35604747757039,4439.8,One year,Electronic check,-1.094718872917119,27.734676172462926,0
40,81.71557833956467,1378.49,Month-to-month,Mailed check,-0.3065670448789982,50.02314789258019,1
5,64.24099364806695,1198.78,One year,Mailed check,1.503322498821751,16.0603146429649,0
51,103.1863113251422, ,Month-to-month,Bank transfer,-0.32294882833914823,34.068542357480155,0
25,86.96026161339618,674.9,Month-to-month,Bank transfer,-0.9357797158664962,32.39792747100996,0
63,26.993160570943413,780.01,One year,Bank transfer,0.26301468176974807,58.71328015842009,1
58,84.01682238281661,2745.03,nan,Mailed check,0.8056405417070154,6.668230036302458,0
55,47.11474365001848,4322.16,One year,Electronic check,-0.3928409701482973,82.96686802650952,0
58,79.28119916534227,4694.21,Month-to-month,Electronic check,0.554368390807545,56.237838038440216,0
69,88.01319311034514,999.19,Month-to-month,Mailed check,-1.3766150940745634,67.08266807759354,1
32,43.08291891540121,3440.03,Two year,Bank transfer,-1.3210270834185944,70.30939037594328,1
52,65.68586448803686,7267.27,Month-to-month,Bank transfer,-0.44008628025262736,29.148413684253647,0
21,39.032486281906785,2163.23,Month-to-month,Bank transfer,0.590017419991728,47.03715673848665,0
20,25.23388757865083,5099.25,Two year,Mailed check,0.761497980985086,95.62459558696672,0
69,57.84764234858691,4135.17,Two year,Bank transfer,-1.1820160474580632,76.67052379968149,0
69,56.2944271845992,1937.93,nan,Bank transfer,0.7244207047325795,96.95568752231853,0
3,119.5480490704257,947.1,nan,Mailed check,0.16650704043478015,74.62543451462884,0
61,64.63523511976422, ,Two year,Electronic check,-0.8792046944513179,17.56001397085174,0
61,53.35695494722004,855.23,Month-to-month,Mailed check,-1.3341883520229985,6.453588384467624,0
23,78.04750067166746,4446.86,Month-to-month,Mailed check,0.22982315490432545,57.76614367196636,1
54,28.876739410776846,4152.14,One year,Mailed check,1.289563224165446,35.78132797026095,0
8,116.16657359548132, ,One year,Mailed check,0.035522430777957054,27.545791013817023,0
2,83.49600455910331,775.43,Month-to-month,Electronic check,-0.9349208494062364,80.72109964254174,0
30,95.48378199408478,780.97,Month-to-month,Bank transfer,-1.8680222870794265,36.69932670819473,0
39,37.04779381739175,2040.79,Month-to-month,Mailed check,1.5294908468886088,31.70009697343039,0
35,60.94778530052039,3124.0,One year,Electronic check,1.0418506103197622,84.99875931690104,1
23,62.26891133961895,2582.97,Month-to-month,Bank transfer,0.30207684877160146,84.62873364864602,0
5,102.18064439010868,478.07,Month-to-month,Bank transfer,1.4779939672654607,35.63666377550566,0
65,20.123667975940943, ,One year,Bank transfer,0.2239190997535944,83.24987009859662,0
3,50.08531083532551,7527.6,One year,Mailed check,-0.5310369506176832,85.07784903326605,0
5,118.12363743443039,3092.09,Month-to-month,Mailed check,0.5551322450502099,42.39305350296662,0
50,67.48865435062186,1381.06,One year,Bank transfer,-0.8297256762677915,6.6473130209171565,0
61,58.25262802440083, ,One year,Bank transfer,-0.9956478178531808,0.15846444663401016,0
56,31.982900201764636,0.0,Month-to-month,Bank transfer,0.7716071096072686,52.3292462888995,0
65,117.41646286280155,455.31,Month-to-month,Bank transfer,0.8557587675640822,34.40754933703557,0
7,22.002635592582447,1441.99,Month-to-month,Bank transfer,-1.2737382804874093,99.7131894158366,0
25,93.71802250072432,499.47,Month-to-month,Bank transfer,-1.2367976824418563,77.24109996272843,0
50,96.85998047885084,623.85,nan,Electronic check,-0.44504969363301156,76.12754563504124,0
44,44.36567160638666,321.22,Month-to-month,Bank transfer,-0.7113048331796628,95.52427682873437,1
43,87.15584436130374, ,One year,Mailed check,0.4764887631653688,88.77243978933208,0
4,29.292914437938993,0.0,Month-to-month,Mailed check,0.04804983776558977,31.81874794563887,1
69,45.70472664320799, ,Month-to-month,Mailed check,1.1649062576366054,16.598722160387634,0
25,98.7901988292265, ,One year,Bank transfer,0.3172577252339833,74.58922650654823,1
67,106.46861920335402,3558.8,Month-to-month,Mailed check,-0.6445768296716777,37.8273893682873,0
18,80.84864126597913, ,Month-to-month,Electronic check,-1.8911288618864457,47.31726516309565,0
19,70.68384318204826, ,Month-to-month,Bank transfer,0.1794559842771771,63.03977312748269,0
11,35.93040206189803,695.45,Month-to-month,Mailed check,-1.7103281102362773,90.78726769352407,0
46,26.310903307915016,3603.25,One year,Electronic check,-0.6569552369208361,41.908775367096595,1
0,31.764902847355863, ,Month-to-month,Electronic check,-0.7217267780966755,78.33168902193613,0
13,42.73573000960988,225.56,Two year,Mailed check,-0.5084271148834314,26.833979127465746,1
63,54.16745018969208,2869.29,One year,Electronic check,-1.3160342599268577,69.79717909236136,0
37,58.090952551098724,4375.15,Month-to-month,Mailed check,-0.7252766081099496,0.1579421077911869,0
36,54.63217685890035,73.62,Month-to-month,Electronic check,1.1459045784518,87.15072134906347,0
10,43.905533219726564, ,Month-to-month,Bank transfer,1.143148487574933,3.03795799544625,0
2,70.9724246751698,1505.81,One year,Bank transfer,1.532499775465971,71.27537547625842,1
32,102.52861082328968,5026.49,Month-to-month,Bank transfer,0.010146525743774306,4.625818926128389,0
5,47.97035384714792,906.91,Two year,Bank transfer,0.27121912889824634,26.624569939400345,0
49,114.23870191022331,2809.21,Month-to-month,Bank transfer,1.1606114176936582,49.72024035565531,1
9,107.33366617238478,4379.29,Two year,Mailed check,-1.4706609569371174,41.99386853482382,0
4,36.17642113521096,1777.96,Month-to-month,Bank transfer,0.8056285067037012,19.18361146010106,0
22,98.62759567570944,2379.14,Two year,Bank transfer,1.3023447233956553,33.38149117092374,0
9,77.45873823177666,1226.28,Month-to-month,Bank transfer,-0.8889603260376239,72.7706370060967,0
43,76.65753621714185,333.93,Month-to-month,Bank transfer,1.3826391456036595,66.92570925796483,0
1,59.10427630581744,1173.39,Month-to-month,Electronic check,2.0577160803015833,7.18145837639157,0
12,70.11529991820098,610.91,Month-to-month,Bank transfer,0.7778466705108286,74.73158255728863,0
39,59.717877742921104,4900.43,nan,Bank transfer,0.5945043686601235,5.304588119702835,0
1,73.97326187599428,2728.09,Month-to-month,Mailed check,-1.1197760491292585,54.29263890997844,0
64,82.79500527726358,1433.39,Month-to-month,Electronic check,1.0692039290409243,26.006274804219064,1
62,87.43038064090484,1231.94,One year,Mailed check,-1.025590652637113,58.76901275598188,0
16,73.24811925594261, ,Month-to-month,Bank transfer,0.36974080264036346,26.132839594090186,0
8,92.14220673287318,1661.09,One year,Mailed check,0.4710951073310246,98.4957969625831,0
14,34.12780492755058,1658.18,One year,Mailed check,-3.2962530119825297,30.972818372753185,0
23,41.198249090223854,4466.42,Month-to-month,Bank transfer,0.405803383535751,24.1960635674496,0
37,101.87350040742702,2442.76,nan,Electronic check,2.621474786478488,27.8465290915346,1
34,52.252797784641515,768.77,Month-to-month,Electronic check,-2.0918564222704714,89.64728572592954,1
48,22.289382497612024,5274.74,Month-to-month,Mailed check,-0.05389199401313474,63.62188286693448,0
68,35.37911496680311, ,One year,Bank transfer,-1.9471153767346192,73.06840974207765,0
61,42.361443449631125,6170.99,One year,Mailed check,-0.8941414388051772,91.80105100943504,0
59,115.73228878945872,1791.19,Month-to-month,Mailed check,-1.9297768548203038,91.18724848450074,0
49,77.30414289308493,1910.93,One year,Mailed check,0.15954232699721757,73.89458465787276,0
8,113.27307404762549,1646.9,Month-to-month,Bank transfer,0.7936048032595945,19.78244288413229,1
33,77.5163350496625,2629.36,Month-to-month,Bank transfer,0.40973863276909195,84.33733206750055,0
34,67.93544401378517,4249.54,Two year,Electronic check,-0.9301824694575721,20.37760341910637,1
0,51.372769119409604,427.18,Month-to-month,Bank transfer,-0.6093947565959276,74.28988140984319,0
39,80.63709444333756,1356.99,Month-to-month,Mailed check,0.27227268608563915,68.56030665448743,0
63,33.91980246175298,1765.0,Two year,Mailed check,-0.8989239901389205,75.88888501404466,0
21,109.82616272927059,2618.84,nan,Electronic check,-1.3287951085156418,53.26856807138157,0
59,102.93324051412837,921.04,Month-to-month,Bank transfer,-0.2391270601019611,63.872618224921965,0
63,51.753144787673705,1137.59,One year,Mailed check,-0.9447082092724077,95.33200804342553,0
71,115.27975276012943,898.18,One year,Electronic check,0.41155791725364266,10.10885941742149,0
10,102.5200767415568,3226.22,nan,Electronic check,1.2986974003169174,30.884727478162,0
13,86.63068858350397, ,Two year,Mailed check,2.5975834027057627,61.13570130983824,0
59,32.176191112527476,2605.32,Month-to-month,Mailed check,0.33806691213965,96.40541301314893,1
29,67.82340230480722,1846.69,Month-to-month,Bank transfer,0.6459721628195371,9.557444766260115,0
34,70.61075548467508, ,Month-to-month,Electronic check,-0.5993173432941277,2.2549221530086427,0
36,43.25513583653801,433.73,One year,Mailed check,-0.5373767742215448,5.574959847032801,0
4,27.996539435930195,4003.05,One year,Electronic check,1.2840562465409393,5.240568646119881,0
25,97.67236304716927, ,One year,Bank transfer,-0.2763278001467779,90.78158577774043,0
61,32.2035052124395, ,nan,Mailed check,0.07294737860578242,72.12579079338248,0
3,79.42907505617748, ,Month-to-month,Bank transfer,1.2229756701283345,67.71063661962783,0
41,113.64491738836605,3694.5,Month-to-month,Electronic check,-0.2686271718865897,52.25728202618095,0
17,107.61051925980425, ,Month-to-month,Bank transfer,1.5004204376881485,78.19526169721519,0
39,47.775262374926115,1956.31,Month-to-month,Bank transfer,0.573029336051405,15.56479927615908,0
71,105.14486375512654,661.4,Month-to-month,Electronic check,0.45539817097821494,39.19411897884374,0
38,20.033250612048942,1697.05,Month-to-month,Bank transfer,-0.6481891470673439,49.000425076434354,0
13,21.76878096132572,1753.88,One year,Electronic check,0.5091259950501051,11.040949767672625,0
31,80.25531638428649, ,Two year,Mailed check,-0.4290459478662464,41.9513709337517,0
50,56.47982191445295,3307.22,One year,Electronic check,0.46940885619570477,31.650177926262035,1
37,58.64608411591471,1338.1,One year,Electronic check,-0.1018250657604289,3.558214579346264,0
22,76.44410906788825,216.83,Month-to-month,Mailed check,0.9668095709841192,13.673540272923523,0
62,39.17824555918606,3891.03,One year,Electronic check,-0.03177117279675531,76.40368231674718,0
14,41.17553506654784,599.24,One year,Mailed check,2.037857550236697,1.8037909504644456,0
24,68.46015870188647, ,One year,Mailed check,-0.27554697839572595,93.42532990963612,0
16,95.4253544343863,2661.12,Month-to-month,Electronic check,-0.5345747620235102,8.642463244723741,0
65,81.94977514075876,2831.67,Month-to-month,Bank transfer,0.3461137868012538,79.92380942034582,0
52,49.73550482368389,1521.66,Month-to-month,Bank transfer,1.0778710558274733,89.86165409434707,0
50,63.03371775089212,5598.42,One year,Mailed check,1.0700984848272739,94.1135584850447,0
38,37.06647585499984,808.08,Two year,Bank transfer,0.16678144440249737,86.74770234959726,1
50,27.462981433708173,1527.5,Two year,Bank transfer,0.33908916080478513,28.75500394254432,0
69,98.26960407441493, ,Month-to-month,Electronic check,0.3405380573724234,33.308713133847704,0
5,46.53874091881946,3497.87,One year,Mailed check,-1.0778728136281253,42.654569861007595,0
66,37.77663878512482,772.31,nan,Mailed check,1.0240734417660968,13.929668940710084,0
6,89.16180555693194,4359.53,Month-to-month,Electronic check,-1.2578564321206673,2.227245506722386,0
50,81.80516742871859,508.93,Month-to-month,Bank transfer,-1.075998675784792,86.91216142810346,0
71,83.31896260134641,4829.01,nan,Mailed check,0.05502708452146511,55.41287162104563,0
41,42.88946048466136,4025.83,Month-to-month,Bank transfer,-0.3198597341455416,60.87229421782163,1
63,43.2645538562681, ,nan,Mailed check,0.7961573993754496,92.69884748177954,1
14,42.080262978563916,2994.9,nan,Mailed check,0.4473526726701808,66.51201781136157,0
28,37.37525956622945,1627.49,One year,Mailed check,0.13820138707069227,69.08535043398135,1
32,85.57236725616563,1170.24,Two year,Mailed check,-1.1255339959720503,78.69686484367422,0
26,104.80158852494014,7246.87,One year,Bank transfer,0.026560104863402045,11.634844985740378,0
35,92.43174696766613, ,One year,Bank transfer,-0.0525114691214164,36.01621532137915,0
28,99.20936337605433,383.53,Month-to-month,Bank transfer,0.22218673690217,96.82079277033662,0
37,60.479842908519984,862.3,Month-to-month,Bank transfer,-0.4300380054276379,92.29300781006066,0
56,85.40757953719981,3480.52,Month-to-month,Electronic check,0.5228175379935431,88.40752963101848,1
26,55.42362404447745,1570.8,One year,Mailed check,-0.34656103770686697,45.20885103389725,0
54,72.550462196864,7063.55,Month-to-month,Mailed check,0.42911346512911225,85.71929535868057,0
32,68.16348465348624,967.07,Month-to-month,Mailed check,0.7960475740857511,4.83958819457656,1
67,37.68871451438544,3032.78,Month-to-month,Electronic check,-0.5345954986523739,14.851742425711745,0
65,58.70787603356308, ,One year,Bank transfer,-0.7721584701814851,41.39676984840541,0
9,116.3822275482351,3858.48,nan,Mailed check,0.4763661564693391,48.33920666821264,0
4,44.85802577149421,5358.64,nan,Bank transfer,-1.3210996807144295,26.350715352085686,0
37,33.38037362794887, ,Month-to-month,Bank transfer,1.1116647548920622,35.647667084778746,0
12,61.85806216239353,2855.85,Two year,Electronic check,0.010962617116974948,16.277610102536876,0
30,99.03377358601482,3548.32,One year,Electronic check,-0.11475840189836517,48.913403171590716,0
46,78.21482297799723,724.48,One year,Bank transfer,0.546015918351226,79.38432928678613,1
51,88.09748272382446,6491.7,One year,Mailed check,0.48395452042209675,66.13603936613057,1
55,38.969484817467716, ,Month-to-month,Mailed check,0.006518074978907151,10.779224736554127,0
14,81.89481930077216,1719.94,nan,Electronic check,0.8786164106019141,48.758160339671605,0
28,52.35003949114738,5483.84,Month-to-month,Electronic check,-0.6723883053502522,69.7646382779725,0
7,103.43033659547675,4175.41,Month-to-month,Electronic check,0.7123564932936253,52.98952965539412,1
4,82.92988060107362,483.88,One year,Electronic check,-1.0786234716690752,39.167559653554896,0
28,39.88562777752959,5467.2,Month-to-month,Electronic check,0.5106489910651337,62.19144212838782,0
46,26.461667984408614,495.52,Month-to-month,Electronic check,-0.32787329646695706,96.86386653002755,0
67,24.263320928703273,905.29,One year,Electronic check,-1.311086062369191,9.4907909766078,1
44,57.14085676501407,864.09,Month-to-month,Mailed check,0.25664281714437287,39.00160607475607,0
1,46.58511366543135, ,One year,Electronic check,-0.03442649315072909,40.66058530460956,0
26,84.60901234625081,1814.55,One year,Electronic check,-1.5427255094821286,57.6967310468371,0
35,69.93338349786183,951.68,One year,Mailed check,-2.1136655425597306,15.21746018819179,0
35,46.60192780053807, ,One year,Mailed check,-0.15226383341749491,17.664302987046952,0
25,34.923777795017614,5361.89,One year,Bank transfer,1.6182259607018272,28.536138599785467,0
42,32.71997626874496,1166.17,One year,Electronic check,0.32101500820591067,95.58700432685195,0
26,106.46603921404177,1383.67,One year,Electronic check,-0.6683032367144442,73.41085812309026,0
68,44.34779684048672,864.11,One year,Electronic check,1.0818695156878568,66.16933016915031,0
19,85.17106479109684, ,One year,Electronic check,0.9072236178745587,81.69576873942623,0
10,101.06859279862663,2715.61,Two year,Bank transfer,1.2715790779893859,12.757646891669294,0
37,81.4081311184736, ,Month-to-month,Mailed check,0.6838977643427069,85.93328197237517,1
5,105.95652316469457,790.32,Month-to-month,Mailed check,0.885902323111208,59.4832713887504,0
71,59.23937215284745, ,nan,Electronic check,0.7311085310125639,33.53290074589354,0
22,115.62221906489484,3100.96,Month-to-month,Electronic check,-0.4775049474164276,81.58552557456903,0
46,33.3145004178097,4578.66,Month-to-month,Electronic check,-1.6372807394035953,80.25645343486241,0
45,30.21495296575381,3725.73,One year,Bank transfer,-0.5211353957930518,84.57085817167271,0
11,85.86921462074436,1911.69,Month-to-month,Bank transfer,1.104936977001354,11.551790010698216,1
12,114.28311414132618,6900.69,Month-to-month,Mailed check,-0.3810108360945716,96.9361244995776,0
61,100.8883461636328,947.94,nan,Electronic check,-0.14545905110735596,95.96261537897311,0
59,27.641685943805143,247.72,One year,Electronic check,-1.165784933146445,35.746964550174155,0
42,47.93677139347164,2917.55,Month-to-month,Electronic check,-0.5510895721592229,6.589401821191965,0
67,113.03188848378237,90.25,nan,Electronic check,-0.009089166783425922,16.70556694687857,1
4,45.305843280078456, ,nan,Bank transfer,0.49256217785875334,99.2830825444697,0
36,98.11704237869192,768.34,Month-to-month,Mailed check,-0.4586609671756665,56.30129431716631,0
71,102.51321959287039,2637.81,Month-to-month,Mailed check,-0.528537425617699,35.6621798826052,0
30,69.54521034609817,4791.64,Two year,Bank transfer,0.842175565148868,28.820269385003883,0
8,58.63489098483155,6243.45,One year,Electronic check,0.32526652643822385,25.699173531094754,1
50,65.01244324197597,2533.54,One year,Mailed check,0.4486724651921495,66.4152765054482,1
28,42.69646943653642,2996.8,Two year,Mailed check,1.5283205860683708,41.93878315196859,1
39,108.93909161288443,540.55,One year,Bank transfer,-0.5050743884103573,96.54106993686116,0
40,65.06196567297579, ,Month-to-month,Electronic check,-0.049019170481635094,68.38430306453614,0
10,108.24594404560997,577.74,One year,Mailed check,0.5511597744231466,79.20445910489612,0
22,30.56934799062741,859.08,Month-to-month,Electronic check,-0.8715073616580136,29.274154858315992,0
0,118.82752710001313,1439.22,One year,Mailed check,0.22904973825211888,7.918640910862584,0
45,64.32730874436183,85.35,One year,Bank transfer,0.022196497259100386,48.782283738188106,0
20,24.783082039410544,2349.09,Month-to-month,Electronic check,2.7772994115691234,31.458154654622728,1
35,23.802184823745492,4611.48,One year,Bank transfer,0.09986950166507343,20.208316500792368,0
53,94.62072574818386,4186.28,Month-to-month,Mailed check,1.156939765564332,95.26421308008614,0
56,85.90355342036808,646.8,Month-to-month,Bank transfer,0.8299432138468427,44.39882143420303,1
0,100.21305581275875,2231.07,One year,Bank transfer,-1.1565616031409875,17.470859204878565,0
62,30.536753395280595,2535.89,Month-to-month,Bank transfer,-1.5488238379606998,19.865065268113913,0
53,23.557086703554834,5580.8,One year,Mailed check,0.24701460536629413,28.0709742464594,0
54,70.85792894475784,7221.65,Month-to-month,Electronic check,1.2573346621469546,99.93162681897128,0
39,58.759523148276955,2392.8,One year,Bank transfer,0.2879148195631744,26.80115005195973,0
14,66.19469366709558,1195.21,Two year,Electronic check,0.07885180401717445,32.88018045784536,0
20,119.1588408870274,5340.91,One year,Mailed check,-0.2840866529492499,65.93281279840014,0
46,117.07499576706702,1994.4,Month-to-month,Electronic check,-1.3239612465964041,29.396137641029828,0
52,114.23153896731928, ,nan,Bank transfer,-0.9605207175890123,21.580425105969336,1
8,98.38426767676738,599.11,Month-to-month,Bank transfer,-1.6223136888396978,15.863718664959869,0
51,55.48413602568904, ,Month-to-month,Bank transfer,-1.1030465991132514,31.26826650277922,0
56,61.21309302627716,4794.35,Month-to-month,Bank transfer,-0.5260082374293504,10.591568962877352,0
25,74.96160437189245,1790.04,Month-to-month,Bank transfer,0.776016021516986,1.8646586414782895,0
40,103.05344564048399,5836.31,nan,Bank transfer,-0.4450672607955976,80.46416973346773,0
34,26.871283251826775, ,Month-to-month,Mailed check,0.25562578554971765,13.789494241457657,0
62,62.429688588488816,972.92,One year,Mailed check,0.1352292111766817,77.59768498152422,0
24,28.26176634592687,1439.43,One year,Mailed check,0.4990488354829738,79.75424789866598,0
37,71.46575865735116,587.71,Month-to-month,Electronic check,-1.0348149315172588,53.791952632924314,1
1,109.89008240062354,76.85,One year,Electronic check,1.0591937151235484,30.96819583129514,0
6,98.24849245639379,1106.97,Month-to-month,Mailed check,-1.407176984953593,14.503273374988845,0
33,42.784241754311,369.7,Month-to-month,Electronic check,-0.4478132023866073,73.68051067209991,0
16,117.59908495987925, ,Month-to-month,Electronic check,-0.020905407776578296,60.1386985981786,0
42,86.73503980464284,2535.58,nan,Bank transfer,0.7601448481497473,65.5453456493564,0
58,21.042769939740307,207.01,nan,Bank transfer,1.3793093355507535,0.8669089845131039,0
50,45.54134846852195,1803.77,Month-to-month,Electronic check,0.7680315201283902,92.75170157078246,1
53,46.071329991991654,622.47,Month-to-month,Electronic check,1.4159163574558586,6.629018744655024,0
23,26.925430628585993,2745.66,One year,Mailed check,-0.8291759295073047,36.68058851400057,0
24,115.9826518075929, ,Month-to-month,Electronic check,1.1903704800712096,40.27116496517002,0
70,67.82552945759238,1767.11,Two year,Bank transfer,1.0186567299133007,0.13555244979488457,1
51,109.5814597371882,1207.7,One year,Electronic check,-2.3962750570256635,49.70893093507971,0
69,52.221550344462834,1158.72,Month-to-month,Mailed check,-0.22046424389427638,75.28089945110099,1
32,32.523357043282715,3649.64,Two year,Bank transfer,0.6020374233817825,82.32686531147722,0
48,67.43361099062139,3152.11,Month-to-month,Bank transfer,-0.5154138654454387,87.93969933058844,0
28,31.395663471431718, ,nan,Bank transfer,-1.0858251722962367,48.771886831536946,0
62,68.60155029775399, ,nan,Bank transfer,2.114175217941875,63.063619052965045,1
21,112.02971812194077,1110.9,Month-to-month,Electronic check,0.1110401509709067,7.951971329649876,0
25,72.07681418342128, ,Month-to-month,Mailed check,0.13840543415406092,48.80382242817499,0
27,81.64997268950835,2072.96,nan,Electronic check,-1.3089941148750661,15.481575487173526,0
48,35.66384369738083,4437.59,nan,Electronic check,-0.6123609957962393,36.964311762252144,1
70,24.37356258799695,1608.47,Month-to-month,Bank transfer,-0.8978406293719031,32.93053128645993,0
48,31.080796217980705,2874.8,Two year,Mailed check,1.078975230139303,42.35405772415082,0
19,79.85315756843656,3770.23,Month-to-month,Bank transfer,0.5046336209260519,57.163661797413255,0
62,29.501169899230465,2638.77,Month-to-month,Electronic check,-0.5705636928065295,90.28766470629958,1
60,57.59928899413114,2542.79,Two year,Electronic check,0.5605002386662146,39.44846313475053,1
48,75.0091940458156,275.21,Month-to-month,Bank transfer,-0.25352014574107723,98.11311957115507,0
70,58.8652798629847,667.76,nan,Electronic check,0.23449071797854174,75.90280480512028,0
0,36.36838014653015,1295.45,Month-to-month,Electronic check,0.2297638871857063,51.14810467883832,0
12,47.379130751410656,2097.98,One year,Bank transfer,0.420267210479599,64.4026437111944,1
50,112.8317532848577, ,Month-to-month,Electronic check,0.299651923396746,10.22241711319445,0
55,87.59822755863554,4235.22,One year,Mailed check,0.4210496511649088,84.45215313136548,0
61,69.60478386798866, ,One year,Bank transfer,1.2558083104855742,58.23574550639658,0
31,21.271488998689353,3559.61,Month-to-month,Mailed check,0.6405627530735241,98.60674802096018,1
29,119.24154004894702,1093.93,One year,Electronic check,-0.3369017627259595,63.642874375284904,0
28,87.14549348946433,717.19,Month-to-month,Electronic check,-0.09795274598517474,83.4111583266325,0
48,51.692247734494494,1437.47,Month-to-month,Bank transfer,1.2301705879970664,79.97627427952398,1
44,107.92686599978381,307.9,Two year,Electronic check,0.11242245494821468,34.546115146826885,0
29,45.84316202918181,5247.67,Month-to-month,Bank transfer,-0.3740184173570996,25.961062523321164,0
15,74.40165791827516, ,One year,Bank transfer,-0.631138342130036,43.049358343151,1
39,83.6070763729825,834.19,One year,Bank transfer,0.27303810816624713,46.72413444088372,1
18,42.10633714537285,5261.12,One year,Bank transfer,-0.8548568025455762,24.008470193664387,1
17,117.83972788005958,5213.32,Month-to-month,Bank transfer,1.2847954238343064,89.45978733509719,0
0,94.81919059789975,6606.18,Month-to-month,Mailed check,-1.0378183537570798,54.2547862300646,0
46,75.781322551107, ,Month-to-month,Bank transfer,1.4780677255194214,97.84443921535696,1
65,38.05945981753008,2630.04,One year,Mailed check,-0.285230315872449,81.00177780462633,0
37,25.385820699802615,1021.68,Two year,Electronic check,-1.0767373536276559,55.5704860391946,1
50,52.005983252098346,1231.97,One year,Bank transfer,0.1891757385653763,94.70402781443592,1
62,95.31873359134028,2457.36,Month-to-month,Electronic check,-0.9530391582142892,50.48748150953071,0
3,46.9331298302025,2033.68,Month-to-month,Bank transfer,0.034371761030260295,88.71065125186705,1
0,73.95562204955051,162.43,Month-to-month,Mailed check,-0.5775435315993324,35.81447811958055,1
7,92.79471767307432,519.02,Month-to-month,Mailed check,0.9450732678690913,37.86423834040941,0
28,30.794371464646435,445.29,Month-to-month,Mailed check,0.13674960993763216,41.81306829709312,0
54,88.52980161158733,2141.66,Month-to-month,Electronic check,-1.188500832074535,54.662564594324614,0
2,29.18708877100447,1004.63,Month-to-month,Bank transfer,-0.5970365404260054,55.3490270198824,0
31,116.51297421269966,364.13,Month-to-month,Electronic check,0.7049472495931294,49.639892167708425,0
9,68.83941300649396,3424.78,Month-to-month,Mailed check,1.2870921037904752,30.600097358316745,0
33,35.06761077098774, ,Month-to-month,Electronic check,-0.045274807467683774,92.7206464790831,1
54,54.23836360335465,993.39,Month-to-month,Mailed check,-1.0443965618689037,58.85860973492542,1
31,61.34164492952615,603.51,Month-to-month,Mailed check,1.0540363108508881,40.773921619159495,0
49,95.81850110765373,2866.75,One year,Mailed check,0.700563674893375,65.11769607436182,0
